"","subject","item","region","measure","proficiency","sort","condition","skips","rawdata","nozero","ambiguity","gender","trimmed_nozero"
"22922",1,18,"reflexive","tt",93,"reflexive tt",2,0,662,662,0.5,0.5,662
"22924",1,15,"reflexive","tt",93,"reflexive tt",3,0,346,346,-0.5,-0.5,346
"22926",1,1,"reflexive","tt",93,"reflexive tt",1,0,188,188,0.5,-0.5,188
"22928",1,6,"reflexive","tt",93,"reflexive tt",2,0,165,165,0.5,0.5,165
"22930",1,3,"reflexive","tt",93,"reflexive tt",3,0,188,188,-0.5,-0.5,188
"22932",1,14,"reflexive","tt",93,"reflexive tt",2,1,0,NA,0.5,0.5,NA
"22934",1,4,"reflexive","tt",93,"reflexive tt",4,0,332,332,-0.5,0.5,332
"22936",1,17,"reflexive","tt",93,"reflexive tt",1,0,160,160,0.5,-0.5,160
"22938",1,5,"reflexive","tt",93,"reflexive tt",1,0,178,178,0.5,-0.5,178
"22940",1,13,"reflexive","tt",93,"reflexive tt",1,0,198,198,0.5,-0.5,198
"22942",1,22,"reflexive","tt",93,"reflexive tt",2,0,309,309,0.5,0.5,309
"22944",1,8,"reflexive","tt",93,"reflexive tt",4,0,965,965,-0.5,0.5,965
"22946",1,9,"reflexive","tt",93,"reflexive tt",1,0,151,151,0.5,-0.5,151
"22948",1,19,"reflexive","tt",93,"reflexive tt",3,0,425,425,-0.5,-0.5,425
"22950",1,24,"reflexive","tt",93,"reflexive tt",4,0,461,461,-0.5,0.5,461
"22952",1,12,"reflexive","tt",93,"reflexive tt",4,0,924,924,-0.5,0.5,924
"22954",1,20,"reflexive","tt",93,"reflexive tt",4,1,0,NA,-0.5,0.5,NA
"22956",1,10,"reflexive","tt",93,"reflexive tt",2,0,919,919,0.5,0.5,919
"22958",1,11,"reflexive","tt",93,"reflexive tt",3,0,466,466,-0.5,-0.5,466
"22960",1,16,"reflexive","tt",93,"reflexive tt",4,0,421,421,-0.5,0.5,421
"22962",1,7,"reflexive","tt",93,"reflexive tt",3,0,1125,1125,-0.5,-0.5,1125
"22964",1,2,"reflexive","tt",93,"reflexive tt",2,0,420,420,0.5,0.5,420
"22966",1,21,"reflexive","tt",93,"reflexive tt",1,0,183,183,0.5,-0.5,183
"22968",1,23,"reflexive","tt",93,"reflexive tt",3,0,157,157,-0.5,-0.5,157
"22970",2,16,"reflexive","tt",93,"reflexive tt",1,0,359,359,0.5,-0.5,359
"22972",2,4,"reflexive","tt",93,"reflexive tt",1,0,614,614,0.5,-0.5,614
"22974",2,2,"reflexive","tt",93,"reflexive tt",3,0,519,519,-0.5,-0.5,519
"22976",2,13,"reflexive","tt",93,"reflexive tt",2,0,283,283,0.5,0.5,283
"22978",2,19,"reflexive","tt",93,"reflexive tt",4,0,428,428,-0.5,0.5,428
"22980",2,12,"reflexive","tt",93,"reflexive tt",1,0,650,650,0.5,-0.5,650
"22982",2,10,"reflexive","tt",93,"reflexive tt",3,0,178,178,-0.5,-0.5,178
"22984",2,3,"reflexive","tt",93,"reflexive tt",4,1,0,NA,-0.5,0.5,NA
"22986",2,9,"reflexive","tt",93,"reflexive tt",2,0,192,192,0.5,0.5,192
"22988",2,21,"reflexive","tt",93,"reflexive tt",2,0,166,166,0.5,0.5,166
"22990",2,15,"reflexive","tt",93,"reflexive tt",4,0,417,417,-0.5,0.5,417
"22992",2,18,"reflexive","tt",93,"reflexive tt",3,0,194,194,-0.5,-0.5,194
"22994",2,6,"reflexive","tt",93,"reflexive tt",3,0,270,270,-0.5,-0.5,270
"22996",2,5,"reflexive","tt",93,"reflexive tt",2,0,192,192,0.5,0.5,192
"22998",2,14,"reflexive","tt",93,"reflexive tt",3,0,163,163,-0.5,-0.5,163
"23000",2,1,"reflexive","tt",93,"reflexive tt",2,0,162,162,0.5,0.5,162
"23002",2,20,"reflexive","tt",93,"reflexive tt",1,1,0,NA,0.5,-0.5,NA
"23004",2,11,"reflexive","tt",93,"reflexive tt",4,0,207,207,-0.5,0.5,207
"23006",2,7,"reflexive","tt",93,"reflexive tt",4,0,430,430,-0.5,0.5,430
"23008",2,23,"reflexive","tt",93,"reflexive tt",4,0,364,364,-0.5,0.5,364
"23010",2,8,"reflexive","tt",93,"reflexive tt",1,0,280,280,0.5,-0.5,280
"23012",2,17,"reflexive","tt",93,"reflexive tt",2,0,245,245,0.5,0.5,245
"23014",2,24,"reflexive","tt",93,"reflexive tt",1,1,0,NA,0.5,-0.5,NA
"23016",2,22,"reflexive","tt",93,"reflexive tt",3,1,0,NA,-0.5,-0.5,NA
"23018",3,18,"reflexive","tt",93,"reflexive tt",4,0,1146,1146,-0.5,0.5,1146
"23020",3,7,"reflexive","tt",93,"reflexive tt",1,0,918,918,0.5,-0.5,918
"23022",3,16,"reflexive","tt",93,"reflexive tt",2,0,789,789,0.5,0.5,789
"23024",3,5,"reflexive","tt",93,"reflexive tt",3,0,600,600,-0.5,-0.5,600
"23026",3,24,"reflexive","tt",93,"reflexive tt",2,0,995,995,0.5,0.5,995
"23028",3,4,"reflexive","tt",93,"reflexive tt",2,0,1574,1574,0.5,0.5,1574
"23030",3,14,"reflexive","tt",93,"reflexive tt",4,0,624,624,-0.5,0.5,624
"23032",3,1,"reflexive","tt",93,"reflexive tt",3,0,745,745,-0.5,-0.5,745
"23034",3,9,"reflexive","tt",93,"reflexive tt",3,0,176,176,-0.5,-0.5,176
"23036",3,22,"reflexive","tt",93,"reflexive tt",4,0,1080,1080,-0.5,0.5,1080
"23038",3,10,"reflexive","tt",93,"reflexive tt",4,0,346,346,-0.5,0.5,346
"23040",3,6,"reflexive","tt",93,"reflexive tt",4,0,1091,1091,-0.5,0.5,1091
"23042",3,23,"reflexive","tt",93,"reflexive tt",1,0,946,946,0.5,-0.5,946
"23044",3,17,"reflexive","tt",93,"reflexive tt",3,0,265,265,-0.5,-0.5,265
"23046",3,19,"reflexive","tt",93,"reflexive tt",1,0,148,148,0.5,-0.5,148
"23048",3,13,"reflexive","tt",93,"reflexive tt",3,0,227,227,-0.5,-0.5,227
"23050",3,20,"reflexive","tt",93,"reflexive tt",2,0,392,392,0.5,0.5,392
"23052",3,11,"reflexive","tt",93,"reflexive tt",1,0,405,405,0.5,-0.5,405
"23054",3,2,"reflexive","tt",93,"reflexive tt",4,0,653,653,-0.5,0.5,653
"23056",3,12,"reflexive","tt",93,"reflexive tt",2,0,417,417,0.5,0.5,417
"23058",3,21,"reflexive","tt",93,"reflexive tt",3,0,511,511,-0.5,-0.5,511
"23060",3,15,"reflexive","tt",93,"reflexive tt",1,0,345,345,0.5,-0.5,345
"23062",3,8,"reflexive","tt",93,"reflexive tt",2,0,498,498,0.5,0.5,498
"23064",3,3,"reflexive","tt",93,"reflexive tt",1,0,622,622,0.5,-0.5,622
"23066",4,7,"reflexive","tt",93,"reflexive tt",2,0,2298,2298,0.5,0.5,NA
"23068",4,8,"reflexive","tt",93,"reflexive tt",3,0,675,675,-0.5,-0.5,675
"23070",4,11,"reflexive","tt",93,"reflexive tt",2,0,1184,1184,0.5,0.5,1184
"23072",4,22,"reflexive","tt",93,"reflexive tt",1,0,385,385,0.5,-0.5,385
"23074",4,1,"reflexive","tt",93,"reflexive tt",4,0,426,426,-0.5,0.5,426
"23076",4,20,"reflexive","tt",93,"reflexive tt",3,0,922,922,-0.5,-0.5,922
"23078",4,23,"reflexive","tt",93,"reflexive tt",2,0,236,236,0.5,0.5,236
"23080",4,3,"reflexive","tt",93,"reflexive tt",2,0,270,270,0.5,0.5,270
"23083",4,19,"reflexive","tt",93,"reflexive tt",2,0,518,518,0.5,0.5,518
"23085",4,13,"reflexive","tt",93,"reflexive tt",4,0,236,236,-0.5,0.5,236
"23087",4,9,"reflexive","tt",93,"reflexive tt",4,0,467,467,-0.5,0.5,467
"23089",4,2,"reflexive","tt",93,"reflexive tt",1,0,684,684,0.5,-0.5,684
"23092",4,4,"reflexive","tt",93,"reflexive tt",3,0,554,554,-0.5,-0.5,554
"23094",4,12,"reflexive","tt",93,"reflexive tt",3,0,232,232,-0.5,-0.5,232
"23096",4,16,"reflexive","tt",93,"reflexive tt",3,0,244,244,-0.5,-0.5,244
"23099",4,18,"reflexive","tt",93,"reflexive tt",1,0,489,489,0.5,-0.5,489
"23101",4,24,"reflexive","tt",93,"reflexive tt",3,0,256,256,-0.5,-0.5,256
"23103",4,6,"reflexive","tt",93,"reflexive tt",1,0,523,523,0.5,-0.5,523
"23105",4,17,"reflexive","tt",93,"reflexive tt",4,0,242,242,-0.5,0.5,242
"23108",4,14,"reflexive","tt",93,"reflexive tt",1,0,246,246,0.5,-0.5,246
"23109",5,13,"reflexive","tt",93,"reflexive tt",1,0,315,315,0.5,-0.5,315
"23111",5,4,"reflexive","tt",93,"reflexive tt",4,0,379,379,-0.5,0.5,379
"23113",5,9,"reflexive","tt",93,"reflexive tt",1,0,302,302,0.5,-0.5,302
"23115",5,8,"reflexive","tt",93,"reflexive tt",4,0,1126,1126,-0.5,0.5,1126
"23117",5,7,"reflexive","tt",93,"reflexive tt",3,0,932,932,-0.5,-0.5,932
"23119",5,16,"reflexive","tt",93,"reflexive tt",4,0,260,260,-0.5,0.5,260
"23121",5,19,"reflexive","tt",93,"reflexive tt",3,0,294,294,-0.5,-0.5,294
"23123",5,17,"reflexive","tt",93,"reflexive tt",1,0,732,732,0.5,-0.5,732
"23125",5,3,"reflexive","tt",93,"reflexive tt",3,0,304,304,-0.5,-0.5,304
"23127",5,14,"reflexive","tt",93,"reflexive tt",2,0,329,329,0.5,0.5,329
"23129",5,1,"reflexive","tt",93,"reflexive tt",1,0,291,291,0.5,-0.5,291
"23131",5,15,"reflexive","tt",93,"reflexive tt",3,0,236,236,-0.5,-0.5,236
"23133",5,22,"reflexive","tt",93,"reflexive tt",2,0,293,293,0.5,0.5,293
"23135",5,18,"reflexive","tt",93,"reflexive tt",2,0,275,275,0.5,0.5,275
"23137",5,5,"reflexive","tt",93,"reflexive tt",1,0,341,341,0.5,-0.5,341
"23139",5,2,"reflexive","tt",93,"reflexive tt",2,0,660,660,0.5,0.5,660
"23141",5,23,"reflexive","tt",93,"reflexive tt",3,0,300,300,-0.5,-0.5,300
"23143",5,21,"reflexive","tt",93,"reflexive tt",1,0,377,377,0.5,-0.5,377
"23145",5,20,"reflexive","tt",93,"reflexive tt",4,0,703,703,-0.5,0.5,703
"23147",5,10,"reflexive","tt",93,"reflexive tt",2,0,839,839,0.5,0.5,839
"23149",5,12,"reflexive","tt",93,"reflexive tt",4,0,938,938,-0.5,0.5,938
"23151",5,11,"reflexive","tt",93,"reflexive tt",3,0,357,357,-0.5,-0.5,357
"23153",5,24,"reflexive","tt",93,"reflexive tt",4,0,361,361,-0.5,0.5,361
"23155",5,6,"reflexive","tt",93,"reflexive tt",2,0,442,442,0.5,0.5,442
"23158",6,4,"reflexive","tt",93,"reflexive tt",1,0,843,843,0.5,-0.5,843
"23160",6,23,"reflexive","tt",93,"reflexive tt",4,0,627,627,-0.5,0.5,627
"23162",6,12,"reflexive","tt",93,"reflexive tt",1,1,0,NA,0.5,-0.5,NA
"23164",6,19,"reflexive","tt",93,"reflexive tt",4,0,1113,1113,-0.5,0.5,1113
"23166",6,21,"reflexive","tt",93,"reflexive tt",2,0,418,418,0.5,0.5,418
"23168",6,9,"reflexive","tt",93,"reflexive tt",2,0,684,684,0.5,0.5,684
"23170",6,3,"reflexive","tt",93,"reflexive tt",4,0,672,672,-0.5,0.5,672
"23172",6,1,"reflexive","tt",93,"reflexive tt",2,0,864,864,0.5,0.5,864
"23174",6,6,"reflexive","tt",93,"reflexive tt",3,0,1038,1038,-0.5,-0.5,1038
"23176",6,14,"reflexive","tt",93,"reflexive tt",3,0,275,275,-0.5,-0.5,275
"23178",6,7,"reflexive","tt",93,"reflexive tt",4,0,456,456,-0.5,0.5,456
"23180",6,8,"reflexive","tt",93,"reflexive tt",1,0,745,745,0.5,-0.5,745
"23182",6,18,"reflexive","tt",93,"reflexive tt",3,0,244,244,-0.5,-0.5,244
"23184",6,24,"reflexive","tt",93,"reflexive tt",1,0,503,503,0.5,-0.5,503
"23186",6,15,"reflexive","tt",93,"reflexive tt",4,0,838,838,-0.5,0.5,838
"23188",6,10,"reflexive","tt",93,"reflexive tt",3,0,484,484,-0.5,-0.5,484
"23190",6,16,"reflexive","tt",93,"reflexive tt",1,0,403,403,0.5,-0.5,403
"23192",6,13,"reflexive","tt",93,"reflexive tt",2,0,533,533,0.5,0.5,533
"23194",6,17,"reflexive","tt",93,"reflexive tt",2,0,344,344,0.5,0.5,344
"23196",6,22,"reflexive","tt",93,"reflexive tt",3,1,0,NA,-0.5,-0.5,NA
"23198",6,20,"reflexive","tt",93,"reflexive tt",1,0,277,277,0.5,-0.5,277
"23200",6,5,"reflexive","tt",93,"reflexive tt",2,0,231,231,0.5,0.5,231
"23202",6,11,"reflexive","tt",93,"reflexive tt",4,0,1201,1201,-0.5,0.5,1201
"23204",6,2,"reflexive","tt",93,"reflexive tt",3,0,238,238,-0.5,-0.5,238
"23206",7,20,"reflexive","tt",93,"reflexive tt",2,0,558,558,0.5,0.5,558
"23208",7,4,"reflexive","tt",93,"reflexive tt",2,0,955,955,0.5,0.5,955
"23210",7,14,"reflexive","tt",93,"reflexive tt",4,0,766,766,-0.5,0.5,766
"23212",7,24,"reflexive","tt",93,"reflexive tt",2,0,246,246,0.5,0.5,246
"23214",7,8,"reflexive","tt",93,"reflexive tt",2,0,369,369,0.5,0.5,369
"23216",7,21,"reflexive","tt",93,"reflexive tt",3,1,0,NA,-0.5,-0.5,NA
"23218",7,18,"reflexive","tt",93,"reflexive tt",4,0,210,210,-0.5,0.5,210
"23220",7,5,"reflexive","tt",93,"reflexive tt",3,0,182,182,-0.5,-0.5,182
"23222",7,1,"reflexive","tt",93,"reflexive tt",3,0,134,134,-0.5,-0.5,134
"23224",7,19,"reflexive","tt",93,"reflexive tt",1,0,182,182,0.5,-0.5,182
"23226",7,16,"reflexive","tt",93,"reflexive tt",2,0,726,726,0.5,0.5,726
"23228",7,15,"reflexive","tt",93,"reflexive tt",1,0,130,130,0.5,-0.5,130
"23230",7,23,"reflexive","tt",93,"reflexive tt",1,0,292,292,0.5,-0.5,292
"23232",7,10,"reflexive","tt",93,"reflexive tt",4,0,492,492,-0.5,0.5,492
"23234",7,9,"reflexive","tt",93,"reflexive tt",3,0,144,144,-0.5,-0.5,144
"23236",7,6,"reflexive","tt",93,"reflexive tt",4,0,180,180,-0.5,0.5,180
"23238",7,2,"reflexive","tt",93,"reflexive tt",4,0,360,360,-0.5,0.5,360
"23240",7,7,"reflexive","tt",93,"reflexive tt",1,1,0,NA,0.5,-0.5,NA
"23242",7,13,"reflexive","tt",93,"reflexive tt",3,0,175,175,-0.5,-0.5,175
"23244",7,12,"reflexive","tt",93,"reflexive tt",2,0,238,238,0.5,0.5,238
"23246",7,11,"reflexive","tt",93,"reflexive tt",1,0,192,192,0.5,-0.5,192
"23248",7,3,"reflexive","tt",93,"reflexive tt",1,0,106,106,0.5,-0.5,106
"23250",7,17,"reflexive","tt",93,"reflexive tt",3,0,214,214,-0.5,-0.5,214
"23252",7,22,"reflexive","tt",93,"reflexive tt",4,0,110,110,-0.5,0.5,110
"23253",8,1,"reflexive","tt",93,"reflexive tt",4,0,2486,2486,-0.5,0.5,2486
"23255",8,8,"reflexive","tt",93,"reflexive tt",3,0,1560,1560,-0.5,-0.5,1560
"23257",8,4,"reflexive","tt",93,"reflexive tt",3,0,786,786,-0.5,-0.5,786
"23259",8,5,"reflexive","tt",93,"reflexive tt",4,0,1105,1105,-0.5,0.5,1105
"23261",8,15,"reflexive","tt",93,"reflexive tt",2,0,185,185,0.5,0.5,185
"23263",8,14,"reflexive","tt",93,"reflexive tt",1,0,741,741,0.5,-0.5,741
"23265",8,21,"reflexive","tt",93,"reflexive tt",4,0,1157,1157,-0.5,0.5,1157
"23267",8,18,"reflexive","tt",93,"reflexive tt",1,0,1010,1010,0.5,-0.5,1010
"23269",8,2,"reflexive","tt",93,"reflexive tt",1,0,967,967,0.5,-0.5,967
"23271",8,11,"reflexive","tt",93,"reflexive tt",2,0,1265,1265,0.5,0.5,1265
"23273",8,22,"reflexive","tt",93,"reflexive tt",1,0,846,846,0.5,-0.5,846
"23275",8,12,"reflexive","tt",93,"reflexive tt",3,0,686,686,-0.5,-0.5,686
"23277",8,20,"reflexive","tt",93,"reflexive tt",3,0,1064,1064,-0.5,-0.5,1064
"23279",8,23,"reflexive","tt",93,"reflexive tt",2,0,547,547,0.5,0.5,547
"23281",8,9,"reflexive","tt",93,"reflexive tt",4,0,346,346,-0.5,0.5,346
"23283",8,16,"reflexive","tt",93,"reflexive tt",3,0,1056,1056,-0.5,-0.5,1056
"23285",8,3,"reflexive","tt",93,"reflexive tt",2,0,865,865,0.5,0.5,865
"23287",8,6,"reflexive","tt",93,"reflexive tt",1,0,433,433,0.5,-0.5,433
"23289",8,19,"reflexive","tt",93,"reflexive tt",2,0,1199,1199,0.5,0.5,1199
"23291",8,17,"reflexive","tt",93,"reflexive tt",4,0,502,502,-0.5,0.5,502
"23293",8,10,"reflexive","tt",93,"reflexive tt",1,0,332,332,0.5,-0.5,332
"23295",8,7,"reflexive","tt",93,"reflexive tt",2,0,1216,1216,0.5,0.5,1216
"23297",8,24,"reflexive","tt",93,"reflexive tt",3,0,458,458,-0.5,-0.5,458
"23299",8,13,"reflexive","tt",93,"reflexive tt",4,0,1312,1312,-0.5,0.5,1312
"23302",9,16,"reflexive","tt",93,"reflexive tt",4,0,502,502,-0.5,0.5,502
"23304",9,21,"reflexive","tt",93,"reflexive tt",1,0,536,536,0.5,-0.5,536
"23306",9,5,"reflexive","tt",93,"reflexive tt",1,0,1596,1596,0.5,-0.5,1596
"23308",9,11,"reflexive","tt",93,"reflexive tt",3,0,224,224,-0.5,-0.5,224
"23310",9,14,"reflexive","tt",93,"reflexive tt",2,0,872,872,0.5,0.5,872
"23312",9,3,"reflexive","tt",93,"reflexive tt",3,0,688,688,-0.5,-0.5,688
"23314",9,2,"reflexive","tt",93,"reflexive tt",2,0,458,458,0.5,0.5,458
"23316",9,10,"reflexive","tt",93,"reflexive tt",2,0,1040,1040,0.5,0.5,1040
"23318",9,24,"reflexive","tt",93,"reflexive tt",4,0,672,672,-0.5,0.5,672
"23320",9,7,"reflexive","tt",93,"reflexive tt",3,0,1012,1012,-0.5,-0.5,1012
"23322",9,20,"reflexive","tt",93,"reflexive tt",4,0,524,524,-0.5,0.5,524
"23324",9,19,"reflexive","tt",93,"reflexive tt",3,0,606,606,-0.5,-0.5,606
"23326",9,15,"reflexive","tt",93,"reflexive tt",3,0,912,912,-0.5,-0.5,912
"23328",9,1,"reflexive","tt",93,"reflexive tt",1,0,292,292,0.5,-0.5,292
"23330",9,18,"reflexive","tt",93,"reflexive tt",2,0,554,554,0.5,0.5,554
"23332",9,17,"reflexive","tt",93,"reflexive tt",1,0,422,422,0.5,-0.5,422
"23334",9,23,"reflexive","tt",93,"reflexive tt",3,0,892,892,-0.5,-0.5,892
"23336",9,9,"reflexive","tt",93,"reflexive tt",1,0,596,596,0.5,-0.5,596
"23338",9,13,"reflexive","tt",93,"reflexive tt",1,0,446,446,0.5,-0.5,446
"23340",9,4,"reflexive","tt",93,"reflexive tt",4,0,296,296,-0.5,0.5,296
"23342",9,22,"reflexive","tt",93,"reflexive tt",2,0,646,646,0.5,0.5,646
"23344",9,8,"reflexive","tt",93,"reflexive tt",4,0,546,546,-0.5,0.5,546
"23346",9,12,"reflexive","tt",93,"reflexive tt",4,0,186,186,-0.5,0.5,186
"23348",9,6,"reflexive","tt",93,"reflexive tt",2,0,652,652,0.5,0.5,652
"23349",10,23,"reflexive","tt",93,"reflexive tt",4,0,640,640,-0.5,0.5,640
"23351",10,18,"reflexive","tt",93,"reflexive tt",3,0,202,202,-0.5,-0.5,202
"23353",10,19,"reflexive","tt",93,"reflexive tt",4,0,198,198,-0.5,0.5,198
"23355",10,16,"reflexive","tt",93,"reflexive tt",1,0,672,672,0.5,-0.5,672
"23357",10,17,"reflexive","tt",93,"reflexive tt",2,0,264,264,0.5,0.5,264
"23359",10,1,"reflexive","tt",93,"reflexive tt",2,0,816,816,0.5,0.5,816
"23361",10,22,"reflexive","tt",93,"reflexive tt",3,0,320,320,-0.5,-0.5,320
"23363",10,20,"reflexive","tt",93,"reflexive tt",1,0,646,646,0.5,-0.5,646
"23365",10,14,"reflexive","tt",93,"reflexive tt",3,0,150,150,-0.5,-0.5,150
"23367",10,11,"reflexive","tt",93,"reflexive tt",4,0,586,586,-0.5,0.5,586
"23369",10,15,"reflexive","tt",93,"reflexive tt",4,0,808,808,-0.5,0.5,808
"23371",10,7,"reflexive","tt",93,"reflexive tt",4,0,396,396,-0.5,0.5,396
"23373",10,13,"reflexive","tt",93,"reflexive tt",2,0,200,200,0.5,0.5,200
"23375",10,24,"reflexive","tt",93,"reflexive tt",1,0,132,132,0.5,-0.5,132
"23377",10,8,"reflexive","tt",93,"reflexive tt",1,0,238,238,0.5,-0.5,238
"23379",10,3,"reflexive","tt",93,"reflexive tt",4,0,240,240,-0.5,0.5,240
"23381",10,6,"reflexive","tt",93,"reflexive tt",3,0,218,218,-0.5,-0.5,218
"23383",10,4,"reflexive","tt",93,"reflexive tt",1,0,214,214,0.5,-0.5,214
"23385",10,5,"reflexive","tt",93,"reflexive tt",2,0,396,396,0.5,0.5,396
"23387",10,21,"reflexive","tt",93,"reflexive tt",2,0,214,214,0.5,0.5,214
"23389",10,9,"reflexive","tt",93,"reflexive tt",2,1,0,NA,0.5,0.5,NA
"23391",10,2,"reflexive","tt",93,"reflexive tt",3,0,164,164,-0.5,-0.5,164
"23393",10,12,"reflexive","tt",93,"reflexive tt",1,0,226,226,0.5,-0.5,226
"23395",10,10,"reflexive","tt",93,"reflexive tt",3,0,116,116,-0.5,-0.5,116
"23397",11,3,"reflexive","tt",93,"reflexive tt",1,0,1176,1176,0.5,-0.5,1176
"23399",11,18,"reflexive","tt",93,"reflexive tt",4,0,202,202,-0.5,0.5,202
"23401",11,24,"reflexive","tt",93,"reflexive tt",2,0,1974,1974,0.5,0.5,1974
"23403",11,15,"reflexive","tt",93,"reflexive tt",1,0,1606,1606,0.5,-0.5,1606
"23405",11,9,"reflexive","tt",93,"reflexive tt",3,0,324,324,-0.5,-0.5,324
"23407",11,10,"reflexive","tt",93,"reflexive tt",4,0,596,596,-0.5,0.5,596
"23409",11,2,"reflexive","tt",93,"reflexive tt",4,0,986,986,-0.5,0.5,986
"23411",11,19,"reflexive","tt",93,"reflexive tt",1,0,1276,1276,0.5,-0.5,1276
"23413",11,12,"reflexive","tt",93,"reflexive tt",2,0,482,482,0.5,0.5,482
"23415",11,16,"reflexive","tt",93,"reflexive tt",2,0,606,606,0.5,0.5,606
"23417",11,22,"reflexive","tt",93,"reflexive tt",4,0,1464,1464,-0.5,0.5,1464
"23419",11,21,"reflexive","tt",93,"reflexive tt",3,0,226,226,-0.5,-0.5,226
"23421",11,1,"reflexive","tt",93,"reflexive tt",3,0,440,440,-0.5,-0.5,440
"23423",11,20,"reflexive","tt",93,"reflexive tt",2,0,240,240,0.5,0.5,240
"23425",11,14,"reflexive","tt",93,"reflexive tt",4,0,752,752,-0.5,0.5,752
"23427",11,17,"reflexive","tt",93,"reflexive tt",3,0,416,416,-0.5,-0.5,416
"23429",11,4,"reflexive","tt",93,"reflexive tt",2,0,1190,1190,0.5,0.5,1190
"23431",11,11,"reflexive","tt",93,"reflexive tt",1,0,304,304,0.5,-0.5,304
"23433",11,6,"reflexive","tt",93,"reflexive tt",4,0,330,330,-0.5,0.5,330
"23435",11,8,"reflexive","tt",93,"reflexive tt",2,0,884,884,0.5,0.5,884
"23437",11,23,"reflexive","tt",93,"reflexive tt",1,0,506,506,0.5,-0.5,506
"23439",11,5,"reflexive","tt",93,"reflexive tt",3,0,554,554,-0.5,-0.5,554
"23441",11,7,"reflexive","tt",93,"reflexive tt",1,0,1712,1712,0.5,-0.5,1712
"23443",11,13,"reflexive","tt",93,"reflexive tt",3,0,244,244,-0.5,-0.5,244
"23445",12,14,"reflexive","tt",93,"reflexive tt",3,0,213,213,-0.5,-0.5,213
"23447",12,7,"reflexive","tt",93,"reflexive tt",4,0,386,386,-0.5,0.5,386
"23449",12,11,"reflexive","tt",93,"reflexive tt",4,0,225,225,-0.5,0.5,225
"23451",12,19,"reflexive","tt",93,"reflexive tt",4,0,310,310,-0.5,0.5,310
"23453",12,24,"reflexive","tt",93,"reflexive tt",1,0,220,220,0.5,-0.5,220
"23455",12,18,"reflexive","tt",93,"reflexive tt",3,0,370,370,-0.5,-0.5,370
"23457",12,15,"reflexive","tt",93,"reflexive tt",4,0,297,297,-0.5,0.5,297
"23459",12,20,"reflexive","tt",93,"reflexive tt",1,0,625,625,0.5,-0.5,625
"23461",12,22,"reflexive","tt",93,"reflexive tt",3,0,224,224,-0.5,-0.5,224
"23463",12,23,"reflexive","tt",93,"reflexive tt",4,0,336,336,-0.5,0.5,336
"23465",12,2,"reflexive","tt",93,"reflexive tt",3,0,554,554,-0.5,-0.5,554
"23467",12,6,"reflexive","tt",93,"reflexive tt",3,1,0,NA,-0.5,-0.5,NA
"23469",12,3,"reflexive","tt",93,"reflexive tt",4,1,0,NA,-0.5,0.5,NA
"23471",12,4,"reflexive","tt",93,"reflexive tt",1,0,373,373,0.5,-0.5,373
"23473",12,9,"reflexive","tt",93,"reflexive tt",2,0,512,512,0.5,0.5,512
"23475",12,1,"reflexive","tt",93,"reflexive tt",2,0,1248,1248,0.5,0.5,1248
"23477",12,13,"reflexive","tt",93,"reflexive tt",2,0,1066,1066,0.5,0.5,1066
"23479",12,16,"reflexive","tt",93,"reflexive tt",1,0,158,158,0.5,-0.5,158
"23481",12,8,"reflexive","tt",93,"reflexive tt",1,0,191,191,0.5,-0.5,191
"23483",12,5,"reflexive","tt",93,"reflexive tt",2,0,340,340,0.5,0.5,340
"23485",12,21,"reflexive","tt",93,"reflexive tt",2,0,409,409,0.5,0.5,409
"23487",12,10,"reflexive","tt",93,"reflexive tt",3,0,156,156,-0.5,-0.5,156
"23489",12,17,"reflexive","tt",93,"reflexive tt",2,0,148,148,0.5,0.5,148
"23491",12,12,"reflexive","tt",93,"reflexive tt",1,0,316,316,0.5,-0.5,316
"23494",13,7,"reflexive","tt",93,"reflexive tt",2,0,844,844,0.5,0.5,844
"23496",13,3,"reflexive","tt",93,"reflexive tt",2,0,652,652,0.5,0.5,652
"23498",13,20,"reflexive","tt",93,"reflexive tt",3,0,392,392,-0.5,-0.5,392
"23500",13,23,"reflexive","tt",93,"reflexive tt",2,0,324,324,0.5,0.5,324
"23502",13,2,"reflexive","tt",93,"reflexive tt",1,0,414,414,0.5,-0.5,414
"23504",13,13,"reflexive","tt",93,"reflexive tt",4,0,502,502,-0.5,0.5,502
"23506",13,24,"reflexive","tt",93,"reflexive tt",3,0,412,412,-0.5,-0.5,412
"23508",13,11,"reflexive","tt",93,"reflexive tt",2,0,1036,1036,0.5,0.5,1036
"23510",13,14,"reflexive","tt",93,"reflexive tt",1,0,508,508,0.5,-0.5,508
"23512",13,8,"reflexive","tt",93,"reflexive tt",3,0,188,188,-0.5,-0.5,188
"23514",13,15,"reflexive","tt",93,"reflexive tt",2,0,1048,1048,0.5,0.5,1048
"23516",13,4,"reflexive","tt",93,"reflexive tt",3,0,486,486,-0.5,-0.5,486
"23518",13,1,"reflexive","tt",93,"reflexive tt",4,0,340,340,-0.5,0.5,340
"23520",13,12,"reflexive","tt",93,"reflexive tt",3,0,360,360,-0.5,-0.5,360
"23522",13,10,"reflexive","tt",93,"reflexive tt",1,0,266,266,0.5,-0.5,266
"23524",13,9,"reflexive","tt",93,"reflexive tt",4,0,302,302,-0.5,0.5,302
"23526",13,17,"reflexive","tt",93,"reflexive tt",4,0,320,320,-0.5,0.5,320
"23528",13,22,"reflexive","tt",93,"reflexive tt",1,0,250,250,0.5,-0.5,250
"23530",13,21,"reflexive","tt",93,"reflexive tt",4,0,334,334,-0.5,0.5,334
"23532",13,6,"reflexive","tt",93,"reflexive tt",1,0,864,864,0.5,-0.5,864
"23534",13,5,"reflexive","tt",93,"reflexive tt",4,0,354,354,-0.5,0.5,354
"23536",13,19,"reflexive","tt",93,"reflexive tt",2,0,306,306,0.5,0.5,306
"23538",13,16,"reflexive","tt",93,"reflexive tt",3,0,314,314,-0.5,-0.5,314
"23540",13,18,"reflexive","tt",93,"reflexive tt",1,0,242,242,0.5,-0.5,242
"23541",14,12,"reflexive","tt",93,"reflexive tt",4,0,332,332,-0.5,0.5,332
"23543",14,23,"reflexive","tt",93,"reflexive tt",3,0,196,196,-0.5,-0.5,196
"23545",14,22,"reflexive","tt",93,"reflexive tt",2,0,2180,2180,0.5,0.5,2180
"23547",14,20,"reflexive","tt",93,"reflexive tt",4,0,1172,1172,-0.5,0.5,1172
"23549",14,10,"reflexive","tt",93,"reflexive tt",2,0,960,960,0.5,0.5,960
"23551",14,15,"reflexive","tt",93,"reflexive tt",3,1,0,NA,-0.5,-0.5,NA
"23553",14,6,"reflexive","tt",93,"reflexive tt",2,1,0,NA,0.5,0.5,NA
"23555",14,4,"reflexive","tt",93,"reflexive tt",4,0,1206,1206,-0.5,0.5,1206
"23557",14,18,"reflexive","tt",93,"reflexive tt",2,0,248,248,0.5,0.5,248
"23559",14,7,"reflexive","tt",93,"reflexive tt",3,0,142,142,-0.5,-0.5,142
"23561",14,24,"reflexive","tt",93,"reflexive tt",4,0,280,280,-0.5,0.5,280
"23563",14,16,"reflexive","tt",93,"reflexive tt",4,0,732,732,-0.5,0.5,732
"23565",14,3,"reflexive","tt",93,"reflexive tt",3,1,0,NA,-0.5,-0.5,NA
"23567",14,2,"reflexive","tt",93,"reflexive tt",2,0,1316,1316,0.5,0.5,1316
"23569",14,21,"reflexive","tt",93,"reflexive tt",1,1,0,NA,0.5,-0.5,NA
"23571",14,13,"reflexive","tt",93,"reflexive tt",1,0,152,152,0.5,-0.5,152
"23573",14,9,"reflexive","tt",93,"reflexive tt",1,0,492,492,0.5,-0.5,492
"23575",14,17,"reflexive","tt",93,"reflexive tt",1,0,162,162,0.5,-0.5,162
"23577",14,19,"reflexive","tt",93,"reflexive tt",3,0,180,180,-0.5,-0.5,180
"23579",14,11,"reflexive","tt",93,"reflexive tt",3,1,0,NA,-0.5,-0.5,NA
"23581",14,1,"reflexive","tt",93,"reflexive tt",1,0,776,776,0.5,-0.5,776
"23583",14,5,"reflexive","tt",93,"reflexive tt",1,0,180,180,0.5,-0.5,180
"23585",14,14,"reflexive","tt",93,"reflexive tt",2,0,182,182,0.5,0.5,182
"23587",14,8,"reflexive","tt",93,"reflexive tt",4,0,198,198,-0.5,0.5,198
"23589",15,7,"reflexive","tt",93,"reflexive tt",4,0,358,358,-0.5,0.5,358
"23591",15,16,"reflexive","tt",93,"reflexive tt",1,0,234,234,0.5,-0.5,234
"23593",15,14,"reflexive","tt",93,"reflexive tt",3,0,262,262,-0.5,-0.5,262
"23595",15,3,"reflexive","tt",93,"reflexive tt",4,0,272,272,-0.5,0.5,272
"23597",15,19,"reflexive","tt",93,"reflexive tt",4,0,298,298,-0.5,0.5,298
"23600",15,11,"reflexive","tt",93,"reflexive tt",4,0,452,452,-0.5,0.5,452
"23602",15,20,"reflexive","tt",93,"reflexive tt",1,0,270,270,0.5,-0.5,270
"23604",15,8,"reflexive","tt",93,"reflexive tt",1,0,656,656,0.5,-0.5,656
"23606",15,17,"reflexive","tt",93,"reflexive tt",2,0,294,294,0.5,0.5,294
"23608",15,13,"reflexive","tt",93,"reflexive tt",2,0,290,290,0.5,0.5,290
"23610",15,22,"reflexive","tt",93,"reflexive tt",3,0,416,416,-0.5,-0.5,416
"23612",15,18,"reflexive","tt",57,"reflexive tt",3,0,300,300,-0.5,-0.5,300
"23614",15,6,"reflexive","tt",57,"reflexive tt",3,0,266,266,-0.5,-0.5,266
"23616",15,4,"reflexive","tt",57,"reflexive tt",1,0,570,570,0.5,-0.5,570
"23619",15,12,"reflexive","tt",57,"reflexive tt",1,0,308,308,0.5,-0.5,308
"23622",15,1,"reflexive","tt",57,"reflexive tt",2,0,286,286,0.5,0.5,286
"23624",15,23,"reflexive","tt",57,"reflexive tt",4,0,250,250,-0.5,0.5,250
"23626",15,2,"reflexive","tt",57,"reflexive tt",3,0,300,300,-0.5,-0.5,300
"23628",15,24,"reflexive","tt",57,"reflexive tt",1,0,272,272,0.5,-0.5,272
"23631",15,9,"reflexive","tt",57,"reflexive tt",2,0,238,238,0.5,0.5,238
"23633",16,12,"reflexive","tt",57,"reflexive tt",2,0,464,464,0.5,0.5,464
"23635",16,11,"reflexive","tt",57,"reflexive tt",1,0,168,168,0.5,-0.5,168
"23637",16,9,"reflexive","tt",57,"reflexive tt",3,0,150,150,-0.5,-0.5,150
"23639",16,14,"reflexive","tt",57,"reflexive tt",4,0,1542,1542,-0.5,0.5,NA
"23641",16,20,"reflexive","tt",57,"reflexive tt",2,0,544,544,0.5,0.5,544
"23643",16,7,"reflexive","tt",57,"reflexive tt",1,0,186,186,0.5,-0.5,186
"23645",16,6,"reflexive","tt",57,"reflexive tt",4,0,820,820,-0.5,0.5,820
"23647",16,18,"reflexive","tt",57,"reflexive tt",4,0,214,214,-0.5,0.5,214
"23649",16,24,"reflexive","tt",57,"reflexive tt",2,0,310,310,0.5,0.5,310
"23651",16,13,"reflexive","tt",57,"reflexive tt",3,0,156,156,-0.5,-0.5,156
"23653",16,3,"reflexive","tt",57,"reflexive tt",1,0,112,112,0.5,-0.5,112
"23655",16,4,"reflexive","tt",57,"reflexive tt",2,0,446,446,0.5,0.5,446
"23657",16,19,"reflexive","tt",57,"reflexive tt",1,0,158,158,0.5,-0.5,158
"23659",16,21,"reflexive","tt",57,"reflexive tt",3,0,910,910,-0.5,-0.5,910
"23661",16,5,"reflexive","tt",57,"reflexive tt",3,0,468,468,-0.5,-0.5,468
"23663",16,15,"reflexive","tt",57,"reflexive tt",1,0,154,154,0.5,-0.5,154
"23665",16,22,"reflexive","tt",57,"reflexive tt",4,0,204,204,-0.5,0.5,204
"23667",16,17,"reflexive","tt",57,"reflexive tt",3,0,400,400,-0.5,-0.5,400
"23669",16,16,"reflexive","tt",57,"reflexive tt",2,0,162,162,0.5,0.5,162
"23671",16,8,"reflexive","tt",57,"reflexive tt",2,0,350,350,0.5,0.5,350
"23673",16,23,"reflexive","tt",57,"reflexive tt",1,0,102,102,0.5,-0.5,102
"23675",16,2,"reflexive","tt",57,"reflexive tt",4,0,272,272,-0.5,0.5,272
"23677",16,1,"reflexive","tt",57,"reflexive tt",3,0,104,104,-0.5,-0.5,104
"23679",16,10,"reflexive","tt",57,"reflexive tt",4,0,354,354,-0.5,0.5,354
"23681",17,8,"reflexive","tt",57,"reflexive tt",3,0,262,262,-0.5,-0.5,262
"23683",17,16,"reflexive","tt",57,"reflexive tt",3,0,218,218,-0.5,-0.5,218
"23685",17,15,"reflexive","tt",57,"reflexive tt",2,0,682,682,0.5,0.5,682
"23687",17,11,"reflexive","tt",57,"reflexive tt",2,0,1252,1252,0.5,0.5,1252
"23689",17,1,"reflexive","tt",57,"reflexive tt",4,0,1546,1546,-0.5,0.5,1546
"23691",17,9,"reflexive","tt",57,"reflexive tt",4,0,2538,2538,-0.5,0.5,2538
"23693",17,2,"reflexive","tt",57,"reflexive tt",1,0,380,380,0.5,-0.5,380
"23695",17,20,"reflexive","tt",57,"reflexive tt",3,0,266,266,-0.5,-0.5,266
"23697",17,24,"reflexive","tt",57,"reflexive tt",3,0,628,628,-0.5,-0.5,628
"23699",17,18,"reflexive","tt",57,"reflexive tt",1,0,202,202,0.5,-0.5,202
"23701",17,6,"reflexive","tt",57,"reflexive tt",1,0,758,758,0.5,-0.5,758
"23703",17,14,"reflexive","tt",57,"reflexive tt",1,0,308,308,0.5,-0.5,308
"23705",17,5,"reflexive","tt",57,"reflexive tt",4,0,230,230,-0.5,0.5,230
"23707",17,13,"reflexive","tt",57,"reflexive tt",4,0,484,484,-0.5,0.5,484
"23709",17,17,"reflexive","tt",57,"reflexive tt",4,0,196,196,-0.5,0.5,196
"23711",17,3,"reflexive","tt",57,"reflexive tt",2,0,680,680,0.5,0.5,680
"23713",17,4,"reflexive","tt",57,"reflexive tt",3,0,400,400,-0.5,-0.5,400
"23715",17,12,"reflexive","tt",57,"reflexive tt",3,0,224,224,-0.5,-0.5,224
"23717",17,19,"reflexive","tt",57,"reflexive tt",2,0,354,354,0.5,0.5,354
"23719",17,22,"reflexive","tt",57,"reflexive tt",1,0,836,836,0.5,-0.5,836
"23721",17,23,"reflexive","tt",57,"reflexive tt",2,0,252,252,0.5,0.5,252
"23723",17,10,"reflexive","tt",57,"reflexive tt",1,0,1306,1306,0.5,-0.5,1306
"23725",17,21,"reflexive","tt",57,"reflexive tt",4,0,438,438,-0.5,0.5,438
"23727",17,7,"reflexive","tt",57,"reflexive tt",2,0,390,390,0.5,0.5,390
"23729",18,17,"reflexive","tt",57,"reflexive tt",1,0,810,810,0.5,-0.5,810
"23731",18,5,"reflexive","tt",57,"reflexive tt",1,0,608,608,0.5,-0.5,608
"23733",18,12,"reflexive","tt",57,"reflexive tt",4,1,0,NA,-0.5,0.5,NA
"23735",18,24,"reflexive","tt",57,"reflexive tt",4,0,590,590,-0.5,0.5,590
"23737",18,23,"reflexive","tt",57,"reflexive tt",3,0,244,244,-0.5,-0.5,244
"23739",18,16,"reflexive","tt",57,"reflexive tt",4,0,732,732,-0.5,0.5,732
"23741",18,8,"reflexive","tt",57,"reflexive tt",4,0,218,218,-0.5,0.5,218
"23743",18,1,"reflexive","tt",57,"reflexive tt",1,0,230,230,0.5,-0.5,230
"23745",18,15,"reflexive","tt",57,"reflexive tt",3,0,252,252,-0.5,-0.5,252
"23747",18,14,"reflexive","tt",57,"reflexive tt",2,1,0,NA,0.5,0.5,NA
"23749",18,3,"reflexive","tt",57,"reflexive tt",3,0,316,316,-0.5,-0.5,316
"23751",18,18,"reflexive","tt",57,"reflexive tt",2,0,188,188,0.5,0.5,188
"23753",18,21,"reflexive","tt",57,"reflexive tt",1,1,0,NA,0.5,-0.5,NA
"23755",18,2,"reflexive","tt",57,"reflexive tt",2,0,286,286,0.5,0.5,286
"23757",18,13,"reflexive","tt",57,"reflexive tt",1,0,288,288,0.5,-0.5,288
"23759",18,20,"reflexive","tt",57,"reflexive tt",4,0,218,218,-0.5,0.5,218
"23761",18,4,"reflexive","tt",57,"reflexive tt",4,0,240,240,-0.5,0.5,240
"23763",18,7,"reflexive","tt",57,"reflexive tt",3,1,0,NA,-0.5,-0.5,NA
"23765",18,6,"reflexive","tt",57,"reflexive tt",2,0,184,184,0.5,0.5,184
"23767",18,10,"reflexive","tt",57,"reflexive tt",2,0,426,426,0.5,0.5,426
"23769",18,22,"reflexive","tt",57,"reflexive tt",2,0,392,392,0.5,0.5,392
"23771",18,9,"reflexive","tt",57,"reflexive tt",1,0,394,394,0.5,-0.5,394
"23773",18,19,"reflexive","tt",57,"reflexive tt",3,0,262,262,-0.5,-0.5,262
"23775",18,11,"reflexive","tt",57,"reflexive tt",3,0,182,182,-0.5,-0.5,182
"23778",19,8,"reflexive","tt",57,"reflexive tt",1,0,680,680,0.5,-0.5,680
"23780",19,7,"reflexive","tt",57,"reflexive tt",4,0,386,386,-0.5,0.5,386
"23782",19,11,"reflexive","tt",57,"reflexive tt",4,0,380,380,-0.5,0.5,380
"23784",19,20,"reflexive","tt",57,"reflexive tt",1,0,240,240,0.5,-0.5,240
"23786",19,21,"reflexive","tt",57,"reflexive tt",2,0,590,590,0.5,0.5,590
"23788",19,19,"reflexive","tt",57,"reflexive tt",4,0,550,550,-0.5,0.5,550
"23790",19,5,"reflexive","tt",57,"reflexive tt",2,0,242,242,0.5,0.5,242
"23792",19,12,"reflexive","tt",57,"reflexive tt",1,0,222,222,0.5,-0.5,222
"23794",19,2,"reflexive","tt",57,"reflexive tt",3,0,178,178,-0.5,-0.5,178
"23796",19,13,"reflexive","tt",57,"reflexive tt",2,0,224,224,0.5,0.5,224
"23798",19,17,"reflexive","tt",57,"reflexive tt",2,0,198,198,0.5,0.5,198
"23800",19,6,"reflexive","tt",57,"reflexive tt",3,1,0,NA,-0.5,-0.5,NA
"23802",19,18,"reflexive","tt",57,"reflexive tt",3,0,402,402,-0.5,-0.5,402
"23804",19,3,"reflexive","tt",57,"reflexive tt",4,0,290,290,-0.5,0.5,290
"23806",19,24,"reflexive","tt",57,"reflexive tt",1,0,164,164,0.5,-0.5,164
"23808",19,1,"reflexive","tt",57,"reflexive tt",2,0,632,632,0.5,0.5,632
"23810",19,9,"reflexive","tt",57,"reflexive tt",2,0,176,176,0.5,0.5,176
"23812",19,10,"reflexive","tt",57,"reflexive tt",3,0,140,140,-0.5,-0.5,140
"23814",19,23,"reflexive","tt",57,"reflexive tt",4,0,258,258,-0.5,0.5,258
"23816",19,4,"reflexive","tt",57,"reflexive tt",1,0,264,264,0.5,-0.5,264
"23818",19,14,"reflexive","tt",57,"reflexive tt",3,0,198,198,-0.5,-0.5,198
"23820",19,22,"reflexive","tt",57,"reflexive tt",3,0,248,248,-0.5,-0.5,248
"23822",19,16,"reflexive","tt",57,"reflexive tt",1,0,182,182,0.5,-0.5,182
"23824",19,15,"reflexive","tt",57,"reflexive tt",4,0,178,178,-0.5,0.5,178
"23826",20,6,"reflexive","tt",57,"reflexive tt",4,0,510,510,-0.5,0.5,510
"23828",20,12,"reflexive","tt",57,"reflexive tt",2,0,164,164,0.5,0.5,164
"23830",20,4,"reflexive","tt",57,"reflexive tt",2,0,826,826,0.5,0.5,826
"23832",20,19,"reflexive","tt",57,"reflexive tt",1,0,570,570,0.5,-0.5,570
"23834",20,7,"reflexive","tt",57,"reflexive tt",1,0,332,332,0.5,-0.5,332
"23836",20,22,"reflexive","tt",57,"reflexive tt",4,0,468,468,-0.5,0.5,468
"23838",20,14,"reflexive","tt",57,"reflexive tt",4,0,180,180,-0.5,0.5,180
"23840",20,2,"reflexive","tt",57,"reflexive tt",4,0,354,354,-0.5,0.5,354
"23842",20,8,"reflexive","tt",57,"reflexive tt",2,0,546,546,0.5,0.5,546
"23844",20,10,"reflexive","tt",57,"reflexive tt",4,0,1668,1668,-0.5,0.5,1668
"23846",20,23,"reflexive","tt",57,"reflexive tt",1,0,400,400,0.5,-0.5,400
"23848",20,13,"reflexive","tt",57,"reflexive tt",3,0,348,348,-0.5,-0.5,348
"23850",20,3,"reflexive","tt",57,"reflexive tt",1,0,398,398,0.5,-0.5,398
"23852",20,5,"reflexive","tt",57,"reflexive tt",3,0,196,196,-0.5,-0.5,196
"23854",20,21,"reflexive","tt",57,"reflexive tt",3,0,166,166,-0.5,-0.5,166
"23856",20,18,"reflexive","tt",57,"reflexive tt",4,0,222,222,-0.5,0.5,222
"23858",20,9,"reflexive","tt",57,"reflexive tt",3,0,216,216,-0.5,-0.5,216
"23860",20,17,"reflexive","tt",57,"reflexive tt",3,0,796,796,-0.5,-0.5,796
"23862",20,11,"reflexive","tt",57,"reflexive tt",1,0,222,222,0.5,-0.5,222
"23864",20,1,"reflexive","tt",57,"reflexive tt",3,0,336,336,-0.5,-0.5,336
"23866",20,24,"reflexive","tt",57,"reflexive tt",2,0,168,168,0.5,0.5,168
"23868",20,16,"reflexive","tt",57,"reflexive tt",2,0,606,606,0.5,0.5,606
"23870",20,15,"reflexive","tt",57,"reflexive tt",1,0,1150,1150,0.5,-0.5,1150
"23872",20,20,"reflexive","tt",57,"reflexive tt",2,0,654,654,0.5,0.5,654
"23874",21,4,"reflexive","tt",57,"reflexive tt",3,0,1634,1634,-0.5,-0.5,1634
"23876",21,23,"reflexive","tt",57,"reflexive tt",2,0,1194,1194,0.5,0.5,1194
"23878",21,22,"reflexive","tt",57,"reflexive tt",1,0,704,704,0.5,-0.5,704
"23880",21,2,"reflexive","tt",57,"reflexive tt",1,0,310,310,0.5,-0.5,310
"23882",21,10,"reflexive","tt",57,"reflexive tt",1,0,422,422,0.5,-0.5,422
"23884",21,12,"reflexive","tt",57,"reflexive tt",3,0,828,828,-0.5,-0.5,828
"23886",21,18,"reflexive","tt",57,"reflexive tt",1,0,754,754,0.5,-0.5,754
"23888",21,21,"reflexive","tt",57,"reflexive tt",4,0,284,284,-0.5,0.5,284
"23890",21,7,"reflexive","tt",57,"reflexive tt",2,0,1026,1026,0.5,0.5,1026
"23892",21,14,"reflexive","tt",57,"reflexive tt",1,0,974,974,0.5,-0.5,974
"23894",21,15,"reflexive","tt",57,"reflexive tt",2,0,268,268,0.5,0.5,268
"23896",21,17,"reflexive","tt",57,"reflexive tt",4,0,564,564,-0.5,0.5,564
"23898",21,16,"reflexive","tt",57,"reflexive tt",3,0,752,752,-0.5,-0.5,752
"23900",21,20,"reflexive","tt",57,"reflexive tt",3,0,248,248,-0.5,-0.5,248
"23902",21,6,"reflexive","tt",57,"reflexive tt",1,0,192,192,0.5,-0.5,192
"23904",21,3,"reflexive","tt",57,"reflexive tt",2,0,276,276,0.5,0.5,276
"23906",21,9,"reflexive","tt",57,"reflexive tt",4,0,620,620,-0.5,0.5,620
"23908",21,19,"reflexive","tt",57,"reflexive tt",2,0,532,532,0.5,0.5,532
"23910",21,8,"reflexive","tt",57,"reflexive tt",3,0,974,974,-0.5,-0.5,974
"23912",21,5,"reflexive","tt",57,"reflexive tt",4,0,800,800,-0.5,0.5,800
"23914",21,24,"reflexive","tt",57,"reflexive tt",3,0,1210,1210,-0.5,-0.5,1210
"23916",21,1,"reflexive","tt",57,"reflexive tt",4,1,0,NA,-0.5,0.5,NA
"23918",21,11,"reflexive","tt",57,"reflexive tt",2,0,460,460,0.5,0.5,460
"23920",21,13,"reflexive","tt",57,"reflexive tt",4,0,306,306,-0.5,0.5,306
"23921",22,4,"reflexive","tt",57,"reflexive tt",4,0,614,614,-0.5,0.5,614
"23923",22,2,"reflexive","tt",57,"reflexive tt",2,0,1928,1928,0.5,0.5,1928
"23925",22,16,"reflexive","tt",57,"reflexive tt",4,0,880,880,-0.5,0.5,880
"23927",22,7,"reflexive","tt",57,"reflexive tt",3,0,212,212,-0.5,-0.5,212
"23929",22,12,"reflexive","tt",57,"reflexive tt",4,0,666,666,-0.5,0.5,666
"23931",22,20,"reflexive","tt",57,"reflexive tt",4,0,1216,1216,-0.5,0.5,1216
"23933",22,24,"reflexive","tt",57,"reflexive tt",4,0,1634,1634,-0.5,0.5,1634
"23935",22,15,"reflexive","tt",57,"reflexive tt",3,0,1134,1134,-0.5,-0.5,1134
"23937",22,22,"reflexive","tt",57,"reflexive tt",2,0,2236,2236,0.5,0.5,2236
"23939",22,11,"reflexive","tt",57,"reflexive tt",3,0,544,544,-0.5,-0.5,544
"23941",22,19,"reflexive","tt",57,"reflexive tt",3,0,990,990,-0.5,-0.5,990
"23943",22,21,"reflexive","tt",57,"reflexive tt",1,0,418,418,0.5,-0.5,418
"23945",22,8,"reflexive","tt",57,"reflexive tt",4,0,774,774,-0.5,0.5,774
"23947",22,23,"reflexive","tt",57,"reflexive tt",3,0,844,844,-0.5,-0.5,844
"23949",22,14,"reflexive","tt",57,"reflexive tt",2,0,378,378,0.5,0.5,378
"23951",22,9,"reflexive","tt",57,"reflexive tt",1,0,1636,1636,0.5,-0.5,1636
"23953",22,1,"reflexive","tt",57,"reflexive tt",1,0,510,510,0.5,-0.5,510
"23955",22,3,"reflexive","tt",57,"reflexive tt",3,0,920,920,-0.5,-0.5,920
"23957",22,5,"reflexive","tt",57,"reflexive tt",1,0,1356,1356,0.5,-0.5,1356
"23959",22,13,"reflexive","tt",57,"reflexive tt",1,0,392,392,0.5,-0.5,392
"23961",22,6,"reflexive","tt",57,"reflexive tt",2,0,470,470,0.5,0.5,470
"23963",22,18,"reflexive","tt",57,"reflexive tt",2,0,1642,1642,0.5,0.5,1642
"23965",22,10,"reflexive","tt",57,"reflexive tt",2,0,358,358,0.5,0.5,358
"23967",22,17,"reflexive","tt",57,"reflexive tt",1,0,786,786,0.5,-0.5,786
"23969",23,20,"reflexive","tt",57,"reflexive tt",2,0,360,360,0.5,0.5,360
"23971",23,23,"reflexive","tt",57,"reflexive tt",1,0,255,255,0.5,-0.5,255
"23973",23,16,"reflexive","tt",57,"reflexive tt",2,0,535,535,0.5,0.5,535
"23975",23,8,"reflexive","tt",57,"reflexive tt",2,0,465,465,0.5,0.5,465
"23977",23,5,"reflexive","tt",57,"reflexive tt",3,0,592,592,-0.5,-0.5,592
"23979",23,7,"reflexive","tt",57,"reflexive tt",1,0,1035,1035,0.5,-0.5,1035
"23981",23,2,"reflexive","tt",57,"reflexive tt",4,1,0,NA,-0.5,0.5,NA
"23983",23,21,"reflexive","tt",57,"reflexive tt",3,0,214,214,-0.5,-0.5,214
"23985",23,6,"reflexive","tt",57,"reflexive tt",4,0,806,806,-0.5,0.5,806
"23987",23,17,"reflexive","tt",57,"reflexive tt",3,0,391,391,-0.5,-0.5,391
"23989",23,12,"reflexive","tt",57,"reflexive tt",2,1,0,NA,0.5,0.5,NA
"23991",23,13,"reflexive","tt",57,"reflexive tt",3,1,0,NA,-0.5,-0.5,NA
"23993",23,24,"reflexive","tt",57,"reflexive tt",2,0,211,211,0.5,0.5,211
"23995",23,11,"reflexive","tt",57,"reflexive tt",1,1,0,NA,0.5,-0.5,NA
"23997",23,4,"reflexive","tt",57,"reflexive tt",2,0,193,193,0.5,0.5,193
"23999",23,22,"reflexive","tt",57,"reflexive tt",4,0,595,595,-0.5,0.5,595
"24001",23,14,"reflexive","tt",57,"reflexive tt",4,1,0,NA,-0.5,0.5,NA
"24003",23,3,"reflexive","tt",57,"reflexive tt",1,0,532,532,0.5,-0.5,532
"24005",23,9,"reflexive","tt",57,"reflexive tt",3,0,316,316,-0.5,-0.5,316
"24007",23,15,"reflexive","tt",57,"reflexive tt",1,0,246,246,0.5,-0.5,246
"24009",23,1,"reflexive","tt",57,"reflexive tt",3,0,166,166,-0.5,-0.5,166
"24011",23,10,"reflexive","tt",57,"reflexive tt",4,0,181,181,-0.5,0.5,181
"24013",23,18,"reflexive","tt",57,"reflexive tt",4,1,0,NA,-0.5,0.5,NA
"24015",23,19,"reflexive","tt",57,"reflexive tt",1,0,538,538,0.5,-0.5,538
"24017",24,11,"reflexive","tt",57,"reflexive tt",4,0,734,734,-0.5,0.5,734
"24020",24,13,"reflexive","tt",57,"reflexive tt",2,0,588,588,0.5,0.5,588
"24022",24,4,"reflexive","tt",57,"reflexive tt",1,0,420,420,0.5,-0.5,420
"24024",24,12,"reflexive","tt",57,"reflexive tt",1,0,372,372,0.5,-0.5,372
"24026",24,16,"reflexive","tt",57,"reflexive tt",1,0,730,730,0.5,-0.5,730
"24028",24,1,"reflexive","tt",57,"reflexive tt",2,0,256,256,0.5,0.5,256
"24030",24,2,"reflexive","tt",57,"reflexive tt",3,0,284,284,-0.5,-0.5,284
"24032",24,18,"reflexive","tt",57,"reflexive tt",3,0,468,468,-0.5,-0.5,468
"24034",24,6,"reflexive","tt",57,"reflexive tt",3,0,500,500,-0.5,-0.5,500
"24036",24,14,"reflexive","tt",57,"reflexive tt",3,0,286,286,-0.5,-0.5,286
"24038",24,23,"reflexive","tt",57,"reflexive tt",4,0,280,280,-0.5,0.5,280
"24040",24,8,"reflexive","tt",57,"reflexive tt",1,0,558,558,0.5,-0.5,558
"24042",24,10,"reflexive","tt",57,"reflexive tt",3,0,608,608,-0.5,-0.5,608
"24044",24,7,"reflexive","tt",57,"reflexive tt",4,0,508,508,-0.5,0.5,508
"24046",24,20,"reflexive","tt",57,"reflexive tt",1,0,428,428,0.5,-0.5,428
"24048",24,5,"reflexive","tt",57,"reflexive tt",2,0,322,322,0.5,0.5,322
"24050",24,17,"reflexive","tt",57,"reflexive tt",2,0,430,430,0.5,0.5,430
"24052",24,24,"reflexive","tt",57,"reflexive tt",1,0,278,278,0.5,-0.5,278
"24054",24,9,"reflexive","tt",57,"reflexive tt",2,0,284,284,0.5,0.5,284
"24056",24,19,"reflexive","tt",57,"reflexive tt",4,0,290,290,-0.5,0.5,290
"24058",24,3,"reflexive","tt",57,"reflexive tt",4,0,766,766,-0.5,0.5,766
"24060",24,22,"reflexive","tt",57,"reflexive tt",3,0,516,516,-0.5,-0.5,516
"24062",24,15,"reflexive","tt",57,"reflexive tt",4,0,244,244,-0.5,0.5,244
"24065",25,2,"reflexive","tt",57,"reflexive tt",4,0,1334,1334,-0.5,0.5,NA
"24067",25,5,"reflexive","tt",57,"reflexive tt",3,0,140,140,-0.5,-0.5,140
"24069",25,17,"reflexive","tt",57,"reflexive tt",3,0,318,318,-0.5,-0.5,318
"24071",25,10,"reflexive","tt",57,"reflexive tt",4,0,348,348,-0.5,0.5,348
"24073",25,23,"reflexive","tt",57,"reflexive tt",1,0,158,158,0.5,-0.5,158
"24075",25,18,"reflexive","tt",57,"reflexive tt",4,0,320,320,-0.5,0.5,320
"24077",25,14,"reflexive","tt",57,"reflexive tt",4,0,168,168,-0.5,0.5,168
"24079",25,6,"reflexive","tt",57,"reflexive tt",4,0,370,370,-0.5,0.5,370
"24081",25,16,"reflexive","tt",57,"reflexive tt",2,0,166,166,0.5,0.5,166
"24083",25,20,"reflexive","tt",57,"reflexive tt",2,0,444,444,0.5,0.5,444
"24085",25,24,"reflexive","tt",57,"reflexive tt",2,0,158,158,0.5,0.5,158
"24087",25,22,"reflexive","tt",57,"reflexive tt",4,0,152,152,-0.5,0.5,152
"24089",25,9,"reflexive","tt",57,"reflexive tt",3,0,542,542,-0.5,-0.5,542
"24091",25,7,"reflexive","tt",57,"reflexive tt",1,0,212,212,0.5,-0.5,212
"24093",25,15,"reflexive","tt",57,"reflexive tt",1,0,174,174,0.5,-0.5,174
"24095",25,12,"reflexive","tt",57,"reflexive tt",2,0,142,142,0.5,0.5,142
"24097",25,3,"reflexive","tt",57,"reflexive tt",1,0,168,168,0.5,-0.5,168
"24099",25,4,"reflexive","tt",57,"reflexive tt",2,0,128,128,0.5,0.5,128
"24101",25,19,"reflexive","tt",57,"reflexive tt",1,0,146,146,0.5,-0.5,146
"24103",25,21,"reflexive","tt",57,"reflexive tt",3,0,150,150,-0.5,-0.5,150
"24105",25,11,"reflexive","tt",57,"reflexive tt",1,0,114,114,0.5,-0.5,114
"24107",25,1,"reflexive","tt",57,"reflexive tt",3,0,174,174,-0.5,-0.5,174
"24109",25,13,"reflexive","tt",57,"reflexive tt",3,0,144,144,-0.5,-0.5,144
"24111",25,8,"reflexive","tt",57,"reflexive tt",2,0,528,528,0.5,0.5,528
"24113",26,14,"reflexive","tt",57,"reflexive tt",1,0,214,214,0.5,-0.5,214
"24115",26,17,"reflexive","tt",57,"reflexive tt",4,0,606,606,-0.5,0.5,606
"24117",26,20,"reflexive","tt",57,"reflexive tt",3,0,218,218,-0.5,-0.5,218
"24119",26,6,"reflexive","tt",57,"reflexive tt",1,0,330,330,0.5,-0.5,330
"24121",26,15,"reflexive","tt",57,"reflexive tt",2,0,338,338,0.5,0.5,338
"24123",26,23,"reflexive","tt",57,"reflexive tt",2,0,228,228,0.5,0.5,228
"24125",26,16,"reflexive","tt",57,"reflexive tt",3,0,396,396,-0.5,-0.5,396
"24127",26,21,"reflexive","tt",57,"reflexive tt",4,0,218,218,-0.5,0.5,218
"24129",26,24,"reflexive","tt",57,"reflexive tt",3,0,326,326,-0.5,-0.5,326
"24131",26,12,"reflexive","tt",57,"reflexive tt",3,0,278,278,-0.5,-0.5,278
"24133",26,4,"reflexive","tt",57,"reflexive tt",3,0,244,244,-0.5,-0.5,244
"24135",26,18,"reflexive","tt",57,"reflexive tt",1,0,216,216,0.5,-0.5,216
"24137",26,11,"reflexive","tt",57,"reflexive tt",2,0,194,194,0.5,0.5,194
"24139",26,7,"reflexive","tt",57,"reflexive tt",2,0,288,288,0.5,0.5,288
"24141",26,1,"reflexive","tt",57,"reflexive tt",4,0,286,286,-0.5,0.5,286
"24143",26,9,"reflexive","tt",57,"reflexive tt",4,0,440,440,-0.5,0.5,440
"24145",26,3,"reflexive","tt",57,"reflexive tt",2,0,392,392,0.5,0.5,392
"24147",26,19,"reflexive","tt",57,"reflexive tt",2,0,324,324,0.5,0.5,324
"24149",26,2,"reflexive","tt",57,"reflexive tt",1,0,242,242,0.5,-0.5,242
"24151",26,8,"reflexive","tt",57,"reflexive tt",3,0,262,262,-0.5,-0.5,262
"24153",26,5,"reflexive","tt",57,"reflexive tt",4,0,282,282,-0.5,0.5,282
"24155",26,22,"reflexive","tt",57,"reflexive tt",1,0,256,256,0.5,-0.5,256
"24157",26,10,"reflexive","tt",57,"reflexive tt",1,0,202,202,0.5,-0.5,202
"24159",26,13,"reflexive","tt",57,"reflexive tt",4,0,262,262,-0.5,0.5,262
"24161",27,1,"reflexive","tt",57,"reflexive tt",1,0,336,336,0.5,-0.5,336
"24163",27,22,"reflexive","tt",57,"reflexive tt",2,0,336,336,0.5,0.5,336
"24165",27,6,"reflexive","tt",57,"reflexive tt",2,0,360,360,0.5,0.5,360
"24167",27,2,"reflexive","tt",57,"reflexive tt",2,0,166,166,0.5,0.5,166
"24169",27,7,"reflexive","tt",57,"reflexive tt",3,0,96,96,-0.5,-0.5,96
"24171",27,19,"reflexive","tt",57,"reflexive tt",3,0,82,82,-0.5,-0.5,82
"24173",27,10,"reflexive","tt",57,"reflexive tt",2,0,188,188,0.5,0.5,188
"24175",27,24,"reflexive","tt",57,"reflexive tt",4,0,698,698,-0.5,0.5,698
"24177",27,17,"reflexive","tt",57,"reflexive tt",1,0,592,592,0.5,-0.5,592
"24179",27,3,"reflexive","tt",57,"reflexive tt",3,0,328,328,-0.5,-0.5,328
"24181",27,13,"reflexive","tt",57,"reflexive tt",1,0,246,246,0.5,-0.5,246
"24183",27,8,"reflexive","tt",57,"reflexive tt",4,0,82,82,-0.5,0.5,82
"24185",27,21,"reflexive","tt",57,"reflexive tt",1,0,82,82,0.5,-0.5,82
"24187",27,4,"reflexive","tt",57,"reflexive tt",4,0,260,260,-0.5,0.5,260
"24189",27,9,"reflexive","tt",57,"reflexive tt",1,0,262,262,0.5,-0.5,262
"24191",27,12,"reflexive","tt",57,"reflexive tt",4,0,224,224,-0.5,0.5,224
"24193",27,16,"reflexive","tt",57,"reflexive tt",4,0,228,228,-0.5,0.5,228
"24195",27,20,"reflexive","tt",57,"reflexive tt",4,0,362,362,-0.5,0.5,362
"24197",27,15,"reflexive","tt",57,"reflexive tt",3,0,370,370,-0.5,-0.5,370
"24199",27,23,"reflexive","tt",57,"reflexive tt",3,0,202,202,-0.5,-0.5,202
"24201",27,14,"reflexive","tt",57,"reflexive tt",2,0,200,200,0.5,0.5,200
"24203",27,11,"reflexive","tt",57,"reflexive tt",3,0,232,232,-0.5,-0.5,232
"24205",27,5,"reflexive","tt",57,"reflexive tt",1,0,302,302,0.5,-0.5,302
"24207",27,18,"reflexive","tt",57,"reflexive tt",2,0,1120,1120,0.5,0.5,NA
"24208",28,18,"reflexive","tt",57,"reflexive tt",3,0,630,630,-0.5,-0.5,630
"24210",28,16,"reflexive","tt",57,"reflexive tt",1,0,182,182,0.5,-0.5,182
"24212",28,21,"reflexive","tt",57,"reflexive tt",2,0,1698,1698,0.5,0.5,1698
"24214",28,23,"reflexive","tt",57,"reflexive tt",4,0,1828,1828,-0.5,0.5,1828
"24216",28,12,"reflexive","tt",57,"reflexive tt",1,0,408,408,0.5,-0.5,408
"24218",28,4,"reflexive","tt",57,"reflexive tt",1,0,604,604,0.5,-0.5,604
"24220",28,1,"reflexive","tt",57,"reflexive tt",2,0,514,514,0.5,0.5,514
"24222",28,10,"reflexive","tt",57,"reflexive tt",3,0,598,598,-0.5,-0.5,598
"24224",28,24,"reflexive","tt",57,"reflexive tt",1,0,426,426,0.5,-0.5,426
"24226",28,7,"reflexive","tt",57,"reflexive tt",4,0,550,550,-0.5,0.5,550
"24228",28,8,"reflexive","tt",57,"reflexive tt",1,0,940,940,0.5,-0.5,940
"24230",28,14,"reflexive","tt",57,"reflexive tt",3,0,722,722,-0.5,-0.5,722
"24232",28,11,"reflexive","tt",57,"reflexive tt",4,0,396,396,-0.5,0.5,396
"24234",28,2,"reflexive","tt",57,"reflexive tt",3,0,268,268,-0.5,-0.5,268
"24236",28,17,"reflexive","tt",57,"reflexive tt",2,0,978,978,0.5,0.5,978
"24238",28,13,"reflexive","tt",57,"reflexive tt",2,1,0,NA,0.5,0.5,NA
"24240",28,19,"reflexive","tt",57,"reflexive tt",4,0,388,388,-0.5,0.5,388
"24242",28,20,"reflexive","tt",57,"reflexive tt",1,0,210,210,0.5,-0.5,210
"24244",28,22,"reflexive","tt",57,"reflexive tt",3,0,216,216,-0.5,-0.5,216
"24246",28,9,"reflexive","tt",57,"reflexive tt",2,0,170,170,0.5,0.5,170
"24248",28,3,"reflexive","tt",57,"reflexive tt",4,0,570,570,-0.5,0.5,570
"24250",28,6,"reflexive","tt",57,"reflexive tt",3,0,164,164,-0.5,-0.5,164
"24252",28,15,"reflexive","tt",57,"reflexive tt",4,0,862,862,-0.5,0.5,862
"24254",28,5,"reflexive","tt",57,"reflexive tt",2,0,238,238,0.5,0.5,238
"24256",29,18,"reflexive","tt",57,"reflexive tt",4,0,212,212,-0.5,0.5,212
"24258",29,3,"reflexive","tt",57,"reflexive tt",1,0,220,220,0.5,-0.5,220
"24260",29,12,"reflexive","tt",57,"reflexive tt",2,0,410,410,0.5,0.5,410
"24262",29,20,"reflexive","tt",57,"reflexive tt",2,0,254,254,0.5,0.5,254
"24264",29,9,"reflexive","tt",57,"reflexive tt",3,0,544,544,-0.5,-0.5,544
"24266",29,1,"reflexive","tt",57,"reflexive tt",3,0,522,522,-0.5,-0.5,522
"24268",29,14,"reflexive","tt",57,"reflexive tt",4,0,240,240,-0.5,0.5,240
"24270",29,16,"reflexive","tt",57,"reflexive tt",2,0,264,264,0.5,0.5,264
"24272",29,17,"reflexive","tt",57,"reflexive tt",3,0,266,266,-0.5,-0.5,266
"24274",29,24,"reflexive","tt",57,"reflexive tt",2,0,410,410,0.5,0.5,410
"24276",29,5,"reflexive","tt",57,"reflexive tt",3,0,260,260,-0.5,-0.5,260
"24278",29,6,"reflexive","tt",57,"reflexive tt",4,0,262,262,-0.5,0.5,262
"24280",29,19,"reflexive","tt",57,"reflexive tt",1,0,186,186,0.5,-0.5,186
"24282",29,15,"reflexive","tt",57,"reflexive tt",1,0,168,168,0.5,-0.5,168
"24284",29,11,"reflexive","tt",57,"reflexive tt",1,0,620,620,0.5,-0.5,620
"24286",29,22,"reflexive","tt",57,"reflexive tt",4,0,586,586,-0.5,0.5,586
"24289",29,4,"reflexive","tt",57,"reflexive tt",2,0,208,208,0.5,0.5,208
"24291",29,23,"reflexive","tt",57,"reflexive tt",1,0,146,146,0.5,-0.5,146
"24293",29,21,"reflexive","tt",57,"reflexive tt",3,0,214,214,-0.5,-0.5,214
"24295",29,7,"reflexive","tt",57,"reflexive tt",1,0,274,274,0.5,-0.5,274
"24297",29,13,"reflexive","tt",57,"reflexive tt",3,0,324,324,-0.5,-0.5,324
"24299",29,8,"reflexive","tt",57,"reflexive tt",2,0,884,884,0.5,0.5,884
"24301",29,2,"reflexive","tt",57,"reflexive tt",4,0,162,162,-0.5,0.5,162
"24303",30,23,"reflexive","tt",57,"reflexive tt",2,0,784,784,0.5,0.5,784
"24305",30,24,"reflexive","tt",57,"reflexive tt",3,0,564,564,-0.5,-0.5,564
"24307",30,2,"reflexive","tt",57,"reflexive tt",1,0,1036,1036,0.5,-0.5,1036
"24309",30,8,"reflexive","tt",57,"reflexive tt",3,0,656,656,-0.5,-0.5,656
"24311",30,9,"reflexive","tt",57,"reflexive tt",4,0,1682,1682,-0.5,0.5,1682
"24313",30,14,"reflexive","tt",57,"reflexive tt",1,1,0,NA,0.5,-0.5,NA
"24315",30,20,"reflexive","tt",57,"reflexive tt",3,0,1040,1040,-0.5,-0.5,1040
"24317",30,3,"reflexive","tt",57,"reflexive tt",2,0,570,570,0.5,0.5,570
"24319",30,13,"reflexive","tt",57,"reflexive tt",4,0,746,746,-0.5,0.5,746
"24321",30,16,"reflexive","tt",57,"reflexive tt",3,0,476,476,-0.5,-0.5,476
"24323",30,15,"reflexive","tt",57,"reflexive tt",2,0,272,272,0.5,0.5,272
"24325",30,12,"reflexive","tt",57,"reflexive tt",3,0,948,948,-0.5,-0.5,948
"24327",30,21,"reflexive","tt",57,"reflexive tt",4,0,126,126,-0.5,0.5,126
"24329",30,19,"reflexive","tt",57,"reflexive tt",2,0,1164,1164,0.5,0.5,1164
"24331",30,5,"reflexive","tt",60,"reflexive tt",4,0,354,354,-0.5,0.5,354
"24333",30,7,"reflexive","tt",60,"reflexive tt",2,0,1310,1310,0.5,0.5,1310
"24335",30,1,"reflexive","tt",60,"reflexive tt",4,0,972,972,-0.5,0.5,972
"24337",30,17,"reflexive","tt",60,"reflexive tt",4,0,170,170,-0.5,0.5,170
"24339",30,4,"reflexive","tt",60,"reflexive tt",3,0,196,196,-0.5,-0.5,196
"24341",30,18,"reflexive","tt",60,"reflexive tt",1,0,498,498,0.5,-0.5,498
"24343",30,22,"reflexive","tt",60,"reflexive tt",1,0,1074,1074,0.5,-0.5,1074
"24345",30,10,"reflexive","tt",60,"reflexive tt",1,0,878,878,0.5,-0.5,878
"24347",30,6,"reflexive","tt",60,"reflexive tt",1,0,162,162,0.5,-0.5,162
"24349",30,11,"reflexive","tt",60,"reflexive tt",2,0,520,520,0.5,0.5,520
"24351",31,18,"reflexive","tt",60,"reflexive tt",2,0,184,184,0.5,0.5,184
"24353",31,7,"reflexive","tt",60,"reflexive tt",3,0,682,682,-0.5,-0.5,682
"24355",31,19,"reflexive","tt",60,"reflexive tt",3,0,210,210,-0.5,-0.5,210
"24357",31,15,"reflexive","tt",60,"reflexive tt",3,0,312,312,-0.5,-0.5,312
"24359",31,16,"reflexive","tt",60,"reflexive tt",4,0,618,618,-0.5,0.5,618
"24361",31,8,"reflexive","tt",60,"reflexive tt",4,0,554,554,-0.5,0.5,554
"24363",31,13,"reflexive","tt",60,"reflexive tt",1,0,1644,1644,0.5,-0.5,1644
"24365",31,17,"reflexive","tt",60,"reflexive tt",1,0,474,474,0.5,-0.5,474
"24367",31,23,"reflexive","tt",60,"reflexive tt",3,0,404,404,-0.5,-0.5,404
"24369",31,21,"reflexive","tt",60,"reflexive tt",1,0,300,300,0.5,-0.5,300
"24371",31,14,"reflexive","tt",60,"reflexive tt",2,0,170,170,0.5,0.5,170
"24373",31,10,"reflexive","tt",60,"reflexive tt",2,0,2044,2044,0.5,0.5,2044
"24375",31,3,"reflexive","tt",60,"reflexive tt",3,0,336,336,-0.5,-0.5,336
"24377",31,22,"reflexive","tt",60,"reflexive tt",2,0,732,732,0.5,0.5,732
"24379",31,4,"reflexive","tt",60,"reflexive tt",4,0,160,160,-0.5,0.5,160
"24381",31,24,"reflexive","tt",60,"reflexive tt",4,0,408,408,-0.5,0.5,408
"24383",31,6,"reflexive","tt",60,"reflexive tt",2,0,306,306,0.5,0.5,306
"24385",31,20,"reflexive","tt",60,"reflexive tt",4,0,896,896,-0.5,0.5,896
"24387",31,2,"reflexive","tt",60,"reflexive tt",2,0,386,386,0.5,0.5,386
"24389",31,9,"reflexive","tt",60,"reflexive tt",1,0,276,276,0.5,-0.5,276
"24391",31,1,"reflexive","tt",60,"reflexive tt",1,0,298,298,0.5,-0.5,298
"24393",31,12,"reflexive","tt",60,"reflexive tt",4,0,752,752,-0.5,0.5,752
"24395",31,5,"reflexive","tt",60,"reflexive tt",1,0,262,262,0.5,-0.5,262
"24397",31,11,"reflexive","tt",60,"reflexive tt",3,0,464,464,-0.5,-0.5,464
"24400",32,19,"reflexive","tt",60,"reflexive tt",4,0,784,784,-0.5,0.5,784
"24402",32,6,"reflexive","tt",60,"reflexive tt",3,0,578,578,-0.5,-0.5,578
"24404",32,3,"reflexive","tt",60,"reflexive tt",4,0,1054,1054,-0.5,0.5,1054
"24406",32,13,"reflexive","tt",60,"reflexive tt",2,0,500,500,0.5,0.5,500
"24408",32,17,"reflexive","tt",60,"reflexive tt",2,0,470,470,0.5,0.5,470
"24410",32,8,"reflexive","tt",60,"reflexive tt",1,0,476,476,0.5,-0.5,476
"24412",32,9,"reflexive","tt",60,"reflexive tt",2,0,1394,1394,0.5,0.5,1394
"24414",32,12,"reflexive","tt",60,"reflexive tt",1,0,686,686,0.5,-0.5,686
"24416",32,24,"reflexive","tt",60,"reflexive tt",1,0,956,956,0.5,-0.5,956
"24418",32,7,"reflexive","tt",60,"reflexive tt",4,0,1646,1646,-0.5,0.5,1646
"24420",32,16,"reflexive","tt",60,"reflexive tt",1,0,1194,1194,0.5,-0.5,1194
"24422",32,23,"reflexive","tt",60,"reflexive tt",4,0,628,628,-0.5,0.5,628
"24424",32,21,"reflexive","tt",60,"reflexive tt",2,0,938,938,0.5,0.5,938
"24426",32,15,"reflexive","tt",60,"reflexive tt",4,0,204,204,-0.5,0.5,204
"24428",32,22,"reflexive","tt",60,"reflexive tt",3,0,946,946,-0.5,-0.5,946
"24430",32,4,"reflexive","tt",60,"reflexive tt",1,0,368,368,0.5,-0.5,368
"24432",32,11,"reflexive","tt",60,"reflexive tt",4,0,346,346,-0.5,0.5,346
"24434",32,1,"reflexive","tt",60,"reflexive tt",2,0,240,240,0.5,0.5,240
"24436",32,18,"reflexive","tt",60,"reflexive tt",3,0,226,226,-0.5,-0.5,226
"24438",32,20,"reflexive","tt",60,"reflexive tt",1,0,292,292,0.5,-0.5,292
"24440",32,10,"reflexive","tt",60,"reflexive tt",3,0,600,600,-0.5,-0.5,600
"24442",32,2,"reflexive","tt",60,"reflexive tt",3,0,608,608,-0.5,-0.5,608
"24444",32,14,"reflexive","tt",60,"reflexive tt",3,0,558,558,-0.5,-0.5,558
"24446",32,5,"reflexive","tt",60,"reflexive tt",2,0,686,686,0.5,0.5,686
"24447",33,5,"reflexive","tt",60,"reflexive tt",3,0,1456,1456,-0.5,-0.5,1456
"24449",33,24,"reflexive","tt",60,"reflexive tt",2,0,1174,1174,0.5,0.5,1174
"24451",33,1,"reflexive","tt",60,"reflexive tt",3,0,1342,1342,-0.5,-0.5,1342
"24453",33,2,"reflexive","tt",60,"reflexive tt",4,0,842,842,-0.5,0.5,842
"24455",33,12,"reflexive","tt",60,"reflexive tt",2,0,628,628,0.5,0.5,628
"24457",33,15,"reflexive","tt",60,"reflexive tt",1,0,730,730,0.5,-0.5,730
"24459",33,8,"reflexive","tt",60,"reflexive tt",2,0,342,342,0.5,0.5,342
"24461",33,22,"reflexive","tt",60,"reflexive tt",4,0,324,324,-0.5,0.5,324
"24463",33,6,"reflexive","tt",60,"reflexive tt",4,0,848,848,-0.5,0.5,848
"24465",33,23,"reflexive","tt",60,"reflexive tt",1,0,470,470,0.5,-0.5,470
"24467",33,9,"reflexive","tt",60,"reflexive tt",3,0,668,668,-0.5,-0.5,668
"24469",33,21,"reflexive","tt",60,"reflexive tt",3,0,492,492,-0.5,-0.5,492
"24471",33,4,"reflexive","tt",60,"reflexive tt",2,0,786,786,0.5,0.5,786
"24473",33,16,"reflexive","tt",60,"reflexive tt",2,0,276,276,0.5,0.5,276
"24475",33,18,"reflexive","tt",60,"reflexive tt",4,0,360,360,-0.5,0.5,360
"24477",33,19,"reflexive","tt",60,"reflexive tt",1,0,398,398,0.5,-0.5,398
"24479",33,17,"reflexive","tt",60,"reflexive tt",3,0,200,200,-0.5,-0.5,200
"24481",33,14,"reflexive","tt",60,"reflexive tt",4,1,0,NA,-0.5,0.5,NA
"24483",33,10,"reflexive","tt",60,"reflexive tt",4,0,680,680,-0.5,0.5,680
"24485",33,11,"reflexive","tt",60,"reflexive tt",1,0,142,142,0.5,-0.5,142
"24487",33,13,"reflexive","tt",60,"reflexive tt",3,0,868,868,-0.5,-0.5,868
"24489",33,20,"reflexive","tt",60,"reflexive tt",2,0,826,826,0.5,0.5,826
"24491",33,7,"reflexive","tt",60,"reflexive tt",1,0,348,348,0.5,-0.5,348
"24493",33,3,"reflexive","tt",60,"reflexive tt",1,0,572,572,0.5,-0.5,572
"24496",34,11,"reflexive","tt",60,"reflexive tt",2,0,197,197,0.5,0.5,197
"24498",34,8,"reflexive","tt",60,"reflexive tt",3,0,802,802,-0.5,-0.5,802
"24500",34,15,"reflexive","tt",60,"reflexive tt",2,0,436,436,0.5,0.5,436
"24502",34,20,"reflexive","tt",60,"reflexive tt",3,0,256,256,-0.5,-0.5,256
"24504",34,12,"reflexive","tt",60,"reflexive tt",3,0,307,307,-0.5,-0.5,307
"24506",34,24,"reflexive","tt",60,"reflexive tt",3,0,348,348,-0.5,-0.5,348
"24508",34,2,"reflexive","tt",60,"reflexive tt",1,0,293,293,0.5,-0.5,293
"24510",34,10,"reflexive","tt",60,"reflexive tt",1,0,1077,1077,0.5,-0.5,1077
"24512",34,4,"reflexive","tt",60,"reflexive tt",3,0,723,723,-0.5,-0.5,723
"24514",34,6,"reflexive","tt",60,"reflexive tt",1,0,179,179,0.5,-0.5,179
"24516",34,22,"reflexive","tt",60,"reflexive tt",1,0,137,137,0.5,-0.5,137
"24518",34,17,"reflexive","tt",60,"reflexive tt",4,0,170,170,-0.5,0.5,170
"24520",34,16,"reflexive","tt",60,"reflexive tt",3,0,261,261,-0.5,-0.5,261
"24522",34,14,"reflexive","tt",60,"reflexive tt",1,0,294,294,0.5,-0.5,294
"24524",34,1,"reflexive","tt",60,"reflexive tt",4,0,187,187,-0.5,0.5,187
"24526",34,21,"reflexive","tt",60,"reflexive tt",4,0,221,221,-0.5,0.5,221
"24528",34,19,"reflexive","tt",60,"reflexive tt",2,0,171,171,0.5,0.5,171
"24530",34,23,"reflexive","tt",60,"reflexive tt",2,0,244,244,0.5,0.5,244
"24532",34,3,"reflexive","tt",60,"reflexive tt",2,0,596,596,0.5,0.5,596
"24534",34,18,"reflexive","tt",60,"reflexive tt",1,0,271,271,0.5,-0.5,271
"24536",34,9,"reflexive","tt",60,"reflexive tt",4,0,496,496,-0.5,0.5,496
"24538",34,13,"reflexive","tt",60,"reflexive tt",4,0,827,827,-0.5,0.5,827
"24540",34,7,"reflexive","tt",60,"reflexive tt",2,0,266,266,0.5,0.5,266
"24542",34,5,"reflexive","tt",60,"reflexive tt",4,0,728,728,-0.5,0.5,728
"24544",35,16,"reflexive","tt",60,"reflexive tt",3,0,498,498,-0.5,-0.5,498
"24546",35,9,"reflexive","tt",60,"reflexive tt",4,0,556,556,-0.5,0.5,556
"24548",35,11,"reflexive","tt",60,"reflexive tt",2,0,374,374,0.5,0.5,374
"24550",35,17,"reflexive","tt",60,"reflexive tt",4,0,386,386,-0.5,0.5,386
"24552",35,3,"reflexive","tt",60,"reflexive tt",2,0,372,372,0.5,0.5,372
"24554",35,13,"reflexive","tt",60,"reflexive tt",4,0,286,286,-0.5,0.5,286
"24556",35,10,"reflexive","tt",60,"reflexive tt",1,0,502,502,0.5,-0.5,502
"24558",35,4,"reflexive","tt",60,"reflexive tt",3,0,184,184,-0.5,-0.5,184
"24560",35,20,"reflexive","tt",60,"reflexive tt",3,0,250,250,-0.5,-0.5,250
"24562",35,18,"reflexive","tt",60,"reflexive tt",1,0,244,244,0.5,-0.5,244
"24564",35,2,"reflexive","tt",60,"reflexive tt",1,0,210,210,0.5,-0.5,210
"24566",35,24,"reflexive","tt",60,"reflexive tt",3,0,262,262,-0.5,-0.5,262
"24568",35,21,"reflexive","tt",60,"reflexive tt",4,0,814,814,-0.5,0.5,814
"24570",35,1,"reflexive","tt",60,"reflexive tt",4,0,206,206,-0.5,0.5,206
"24572",35,7,"reflexive","tt",60,"reflexive tt",2,0,1020,1020,0.5,0.5,1020
"24574",35,5,"reflexive","tt",60,"reflexive tt",4,0,1012,1012,-0.5,0.5,1012
"24576",35,19,"reflexive","tt",60,"reflexive tt",2,0,232,232,0.5,0.5,232
"24578",35,15,"reflexive","tt",60,"reflexive tt",2,0,696,696,0.5,0.5,696
"24580",35,22,"reflexive","tt",60,"reflexive tt",1,0,1032,1032,0.5,-0.5,1032
"24582",35,14,"reflexive","tt",60,"reflexive tt",1,0,244,244,0.5,-0.5,244
"24584",35,23,"reflexive","tt",60,"reflexive tt",2,0,802,802,0.5,0.5,802
"24586",35,12,"reflexive","tt",60,"reflexive tt",3,0,612,612,-0.5,-0.5,612
"24588",35,6,"reflexive","tt",60,"reflexive tt",1,0,184,184,0.5,-0.5,184
"24590",35,8,"reflexive","tt",60,"reflexive tt",3,0,168,168,-0.5,-0.5,168
"24591",36,6,"reflexive","tt",60,"reflexive tt",2,0,1178,1178,0.5,0.5,1178
"24593",36,18,"reflexive","tt",60,"reflexive tt",2,0,797,797,0.5,0.5,797
"24595",36,10,"reflexive","tt",60,"reflexive tt",2,0,363,363,0.5,0.5,363
"24597",36,17,"reflexive","tt",60,"reflexive tt",1,1,0,NA,0.5,-0.5,NA
"24599",36,12,"reflexive","tt",60,"reflexive tt",4,0,828,828,-0.5,0.5,828
"24601",36,23,"reflexive","tt",60,"reflexive tt",3,0,258,258,-0.5,-0.5,258
"24603",36,2,"reflexive","tt",60,"reflexive tt",2,0,775,775,0.5,0.5,775
"24605",36,11,"reflexive","tt",60,"reflexive tt",3,0,153,153,-0.5,-0.5,153
"24607",36,5,"reflexive","tt",60,"reflexive tt",1,0,287,287,0.5,-0.5,287
"24609",36,22,"reflexive","tt",60,"reflexive tt",2,0,153,153,0.5,0.5,153
"24611",36,24,"reflexive","tt",60,"reflexive tt",4,0,461,461,-0.5,0.5,461
"24613",36,1,"reflexive","tt",60,"reflexive tt",1,1,0,NA,0.5,-0.5,NA
"24615",36,19,"reflexive","tt",60,"reflexive tt",3,1,0,NA,-0.5,-0.5,NA
"24617",36,16,"reflexive","tt",60,"reflexive tt",4,0,209,209,-0.5,0.5,209
"24619",36,9,"reflexive","tt",60,"reflexive tt",1,0,218,218,0.5,-0.5,218
"24621",36,21,"reflexive","tt",60,"reflexive tt",1,0,217,217,0.5,-0.5,217
"24623",36,8,"reflexive","tt",60,"reflexive tt",4,0,328,328,-0.5,0.5,328
"24625",36,7,"reflexive","tt",60,"reflexive tt",3,0,197,197,-0.5,-0.5,197
"24627",36,3,"reflexive","tt",60,"reflexive tt",3,0,163,163,-0.5,-0.5,163
"24629",36,20,"reflexive","tt",60,"reflexive tt",4,1,0,NA,-0.5,0.5,NA
"24631",36,13,"reflexive","tt",60,"reflexive tt",1,0,450,450,0.5,-0.5,450
"24633",36,14,"reflexive","tt",60,"reflexive tt",2,0,170,170,0.5,0.5,170
"24635",36,4,"reflexive","tt",60,"reflexive tt",4,0,131,131,-0.5,0.5,131
"24637",36,15,"reflexive","tt",60,"reflexive tt",3,0,156,156,-0.5,-0.5,156
"24640",37,21,"reflexive","tt",60,"reflexive tt",2,0,443,443,0.5,0.5,443
"24642",37,3,"reflexive","tt",60,"reflexive tt",4,0,1334,1334,-0.5,0.5,1334
"24644",37,23,"reflexive","tt",60,"reflexive tt",4,0,1625,1625,-0.5,0.5,1625
"24646",37,1,"reflexive","tt",60,"reflexive tt",2,0,178,178,0.5,0.5,178
"24648",37,8,"reflexive","tt",60,"reflexive tt",1,0,383,383,0.5,-0.5,383
"24650",37,20,"reflexive","tt",60,"reflexive tt",1,0,496,496,0.5,-0.5,496
"24652",37,16,"reflexive","tt",60,"reflexive tt",1,0,219,219,0.5,-0.5,219
"24654",37,14,"reflexive","tt",60,"reflexive tt",3,0,257,257,-0.5,-0.5,257
"24656",37,22,"reflexive","tt",60,"reflexive tt",3,1,0,NA,-0.5,-0.5,NA
"24658",37,11,"reflexive","tt",60,"reflexive tt",4,0,1025,1025,-0.5,0.5,1025
"24660",37,2,"reflexive","tt",60,"reflexive tt",3,0,452,452,-0.5,-0.5,452
"24662",37,24,"reflexive","tt",60,"reflexive tt",1,0,283,283,0.5,-0.5,283
"24664",37,9,"reflexive","tt",60,"reflexive tt",2,0,161,161,0.5,0.5,161
"24666",37,17,"reflexive","tt",60,"reflexive tt",2,0,711,711,0.5,0.5,711
"24668",37,18,"reflexive","tt",60,"reflexive tt",3,0,953,953,-0.5,-0.5,953
"24670",37,5,"reflexive","tt",60,"reflexive tt",2,0,206,206,0.5,0.5,206
"24672",37,6,"reflexive","tt",60,"reflexive tt",3,0,615,615,-0.5,-0.5,615
"24674",37,13,"reflexive","tt",60,"reflexive tt",2,0,935,935,0.5,0.5,935
"24676",37,12,"reflexive","tt",60,"reflexive tt",1,0,653,653,0.5,-0.5,653
"24678",37,10,"reflexive","tt",60,"reflexive tt",3,1,0,NA,-0.5,-0.5,NA
"24680",37,7,"reflexive","tt",60,"reflexive tt",4,0,1015,1015,-0.5,0.5,1015
"24682",37,19,"reflexive","tt",60,"reflexive tt",4,0,1057,1057,-0.5,0.5,1057
"24684",37,4,"reflexive","tt",60,"reflexive tt",1,0,229,229,0.5,-0.5,229
"24686",37,15,"reflexive","tt",60,"reflexive tt",4,0,342,342,-0.5,0.5,342
"24688",38,14,"reflexive","tt",60,"reflexive tt",4,0,718,718,-0.5,0.5,718
"24690",38,12,"reflexive","tt",60,"reflexive tt",2,0,1476,1476,0.5,0.5,NA
"24692",38,10,"reflexive","tt",60,"reflexive tt",4,0,543,543,-0.5,0.5,543
"24694",38,20,"reflexive","tt",60,"reflexive tt",2,0,483,483,0.5,0.5,483
"24696",38,4,"reflexive","tt",60,"reflexive tt",2,0,670,670,0.5,0.5,670
"24698",38,5,"reflexive","tt",60,"reflexive tt",3,0,388,388,-0.5,-0.5,388
"24700",38,16,"reflexive","tt",60,"reflexive tt",2,0,271,271,0.5,0.5,271
"24702",38,18,"reflexive","tt",60,"reflexive tt",4,0,197,197,-0.5,0.5,197
"24704",38,17,"reflexive","tt",60,"reflexive tt",3,0,229,229,-0.5,-0.5,229
"24706",38,15,"reflexive","tt",60,"reflexive tt",1,1,0,NA,0.5,-0.5,NA
"24708",38,3,"reflexive","tt",60,"reflexive tt",1,0,255,255,0.5,-0.5,255
"24710",38,1,"reflexive","tt",60,"reflexive tt",3,1,0,NA,-0.5,-0.5,NA
"24712",38,23,"reflexive","tt",60,"reflexive tt",1,0,329,329,0.5,-0.5,329
"24714",38,2,"reflexive","tt",60,"reflexive tt",4,0,207,207,-0.5,0.5,207
"24716",38,24,"reflexive","tt",60,"reflexive tt",2,0,246,246,0.5,0.5,246
"24718",38,7,"reflexive","tt",60,"reflexive tt",1,0,575,575,0.5,-0.5,575
"24720",38,13,"reflexive","tt",60,"reflexive tt",3,0,226,226,-0.5,-0.5,226
"24722",38,6,"reflexive","tt",60,"reflexive tt",4,0,226,226,-0.5,0.5,226
"24724",38,19,"reflexive","tt",60,"reflexive tt",1,0,179,179,0.5,-0.5,179
"24726",38,11,"reflexive","tt",60,"reflexive tt",1,1,0,NA,0.5,-0.5,NA
"24728",38,9,"reflexive","tt",60,"reflexive tt",3,0,524,524,-0.5,-0.5,524
"24730",38,21,"reflexive","tt",60,"reflexive tt",3,0,375,375,-0.5,-0.5,375
"24732",38,22,"reflexive","tt",60,"reflexive tt",4,0,701,701,-0.5,0.5,701
"24734",38,8,"reflexive","tt",60,"reflexive tt",2,0,453,453,0.5,0.5,453
"24735",39,15,"reflexive","tt",60,"reflexive tt",2,0,543,543,0.5,0.5,543
"24737",39,7,"reflexive","tt",60,"reflexive tt",2,0,414,414,0.5,0.5,414
"24739",39,1,"reflexive","tt",60,"reflexive tt",4,0,1029,1029,-0.5,0.5,1029
"24741",39,3,"reflexive","tt",60,"reflexive tt",2,0,273,273,0.5,0.5,273
"24743",39,6,"reflexive","tt",60,"reflexive tt",1,0,182,182,0.5,-0.5,182
"24745",39,2,"reflexive","tt",60,"reflexive tt",1,0,330,330,0.5,-0.5,330
"24747",39,20,"reflexive","tt",60,"reflexive tt",3,0,343,343,-0.5,-0.5,343
"24749",39,23,"reflexive","tt",60,"reflexive tt",2,0,288,288,0.5,0.5,288
"24751",39,16,"reflexive","tt",60,"reflexive tt",3,0,253,253,-0.5,-0.5,253
"24753",39,13,"reflexive","tt",60,"reflexive tt",4,1,0,NA,-0.5,0.5,NA
"24755",39,24,"reflexive","tt",60,"reflexive tt",3,0,172,172,-0.5,-0.5,172
"24757",39,14,"reflexive","tt",60,"reflexive tt",1,0,164,164,0.5,-0.5,164
"24759",39,22,"reflexive","tt",60,"reflexive tt",1,0,497,497,0.5,-0.5,497
"24761",39,4,"reflexive","tt",60,"reflexive tt",3,0,608,608,-0.5,-0.5,608
"24763",39,17,"reflexive","tt",60,"reflexive tt",4,0,213,213,-0.5,0.5,213
"24765",39,5,"reflexive","tt",60,"reflexive tt",4,0,528,528,-0.5,0.5,528
"24767",39,11,"reflexive","tt",60,"reflexive tt",2,0,285,285,0.5,0.5,285
"24769",39,18,"reflexive","tt",60,"reflexive tt",1,0,343,343,0.5,-0.5,343
"24771",39,19,"reflexive","tt",60,"reflexive tt",2,0,198,198,0.5,0.5,198
"24773",39,21,"reflexive","tt",60,"reflexive tt",4,0,179,179,-0.5,0.5,179
"24775",39,10,"reflexive","tt",60,"reflexive tt",1,0,205,205,0.5,-0.5,205
"24777",39,9,"reflexive","tt",60,"reflexive tt",4,0,2070,2070,-0.5,0.5,NA
"24779",39,8,"reflexive","tt",60,"reflexive tt",3,0,314,314,-0.5,-0.5,314
"24781",39,12,"reflexive","tt",60,"reflexive tt",3,0,797,797,-0.5,-0.5,797
"24784",40,13,"reflexive","tt",60,"reflexive tt",1,0,401,401,0.5,-0.5,401
"24786",40,18,"reflexive","tt",60,"reflexive tt",2,0,602,602,0.5,0.5,602
"24788",40,9,"reflexive","tt",60,"reflexive tt",1,0,336,336,0.5,-0.5,336
"24790",40,1,"reflexive","tt",60,"reflexive tt",1,0,351,351,0.5,-0.5,351
"24792",40,7,"reflexive","tt",60,"reflexive tt",3,0,579,579,-0.5,-0.5,579
"24794",40,5,"reflexive","tt",60,"reflexive tt",1,0,360,360,0.5,-0.5,360
"24796",40,4,"reflexive","tt",60,"reflexive tt",4,0,470,470,-0.5,0.5,470
"24798",40,24,"reflexive","tt",60,"reflexive tt",4,0,418,418,-0.5,0.5,418
"24800",40,15,"reflexive","tt",60,"reflexive tt",3,0,329,329,-0.5,-0.5,329
"24802",40,19,"reflexive","tt",60,"reflexive tt",3,0,530,530,-0.5,-0.5,530
"24804",40,20,"reflexive","tt",60,"reflexive tt",4,0,176,176,-0.5,0.5,176
"24806",40,16,"reflexive","tt",60,"reflexive tt",4,0,452,452,-0.5,0.5,452
"24808",40,8,"reflexive","tt",60,"reflexive tt",4,0,373,373,-0.5,0.5,373
"24810",40,23,"reflexive","tt",60,"reflexive tt",3,0,152,152,-0.5,-0.5,152
"24812",40,10,"reflexive","tt",60,"reflexive tt",2,0,1083,1083,0.5,0.5,1083
"24814",40,21,"reflexive","tt",60,"reflexive tt",1,1,0,NA,0.5,-0.5,NA
"24816",40,3,"reflexive","tt",60,"reflexive tt",3,0,445,445,-0.5,-0.5,445
"24818",40,17,"reflexive","tt",60,"reflexive tt",1,1,0,NA,0.5,-0.5,NA
"24820",40,2,"reflexive","tt",60,"reflexive tt",2,0,584,584,0.5,0.5,584
"24822",40,22,"reflexive","tt",60,"reflexive tt",2,0,503,503,0.5,0.5,503
"24824",40,12,"reflexive","tt",60,"reflexive tt",4,1,0,NA,-0.5,0.5,NA
"24826",40,6,"reflexive","tt",60,"reflexive tt",2,0,985,985,0.5,0.5,985
"24828",40,11,"reflexive","tt",60,"reflexive tt",3,0,163,163,-0.5,-0.5,163
"24830",40,14,"reflexive","tt",60,"reflexive tt",2,0,175,175,0.5,0.5,175
