"","subject","item","region","measure","proficiency","sort","condition","skips","rawdata","nozero","ambiguity","continuation","trimmed_nozero"
"289",1,28,"spillover1","rp",74,"spillover1 rp",8,0,610,610,-0.5,0.5,610
"291",1,46,"spillover1","rp",74,"spillover1 rp",6,0,3348,3348,-0.5,-0.5,3348
"293",1,40,"spillover1","rp",74,"spillover1 rp",8,0,850,850,-0.5,0.5,850
"295",1,25,"spillover1","rp",74,"spillover1 rp",5,0,2998,2998,0.5,-0.5,2998
"297",1,42,"spillover1","rp",74,"spillover1 rp",6,0,500,500,-0.5,-0.5,500
"299",1,37,"spillover1","rp",74,"spillover1 rp",5,0,2149,2149,0.5,-0.5,2149
"301",1,26,"spillover1","rp",74,"spillover1 rp",6,0,971,971,-0.5,-0.5,971
"303",1,30,"spillover1","rp",74,"spillover1 rp",6,0,2455,2455,-0.5,-0.5,2455
"305",1,32,"spillover1","rp",74,"spillover1 rp",8,0,2576,2576,-0.5,0.5,2576
"307",1,31,"spillover1","rp",74,"spillover1 rp",7,0,1372,1372,0.5,0.5,1372
"309",1,47,"spillover1","rp",74,"spillover1 rp",7,0,1436,1436,0.5,0.5,1436
"311",1,44,"spillover1","rp",74,"spillover1 rp",8,0,550,550,-0.5,0.5,550
"313",1,27,"spillover1","rp",74,"spillover1 rp",7,0,2031,2031,0.5,0.5,2031
"315",1,33,"spillover1","rp",74,"spillover1 rp",5,0,651,651,0.5,-0.5,651
"317",1,45,"spillover1","rp",74,"spillover1 rp",5,0,3542,3542,0.5,-0.5,3542
"319",1,34,"spillover1","rp",74,"spillover1 rp",6,0,390,390,-0.5,-0.5,390
"321",1,35,"spillover1","rp",74,"spillover1 rp",7,0,2415,2415,0.5,0.5,2415
"323",1,29,"spillover1","rp",74,"spillover1 rp",5,0,802,802,0.5,-0.5,802
"325",1,41,"spillover1","rp",74,"spillover1 rp",5,0,4145,4145,0.5,-0.5,4145
"327",1,38,"spillover1","rp",74,"spillover1 rp",6,0,377,377,-0.5,-0.5,377
"329",1,43,"spillover1","rp",74,"spillover1 rp",7,0,824,824,0.5,0.5,824
"331",1,39,"spillover1","rp",74,"spillover1 rp",7,0,4800,4800,0.5,0.5,4800
"333",1,48,"spillover1","rp",74,"spillover1 rp",8,0,3727,3727,-0.5,0.5,3727
"335",1,36,"spillover1","rp",74,"spillover1 rp",8,0,298,298,-0.5,0.5,298
"1009",2,32,"spillover1","rp",71,"spillover1 rp",5,0,1577,1577,0.5,-0.5,1577
"1011",2,48,"spillover1","rp",71,"spillover1 rp",5,0,1990,1990,0.5,-0.5,1990
"1013",2,40,"spillover1","rp",71,"spillover1 rp",5,1,0,NA,0.5,-0.5,NA
"1015",2,28,"spillover1","rp",71,"spillover1 rp",5,0,1609,1609,0.5,-0.5,1609
"1017",2,38,"spillover1","rp",71,"spillover1 rp",7,0,1883,1883,0.5,0.5,1883
"1019",2,42,"spillover1","rp",71,"spillover1 rp",7,0,595,595,0.5,0.5,595
"1021",2,37,"spillover1","rp",71,"spillover1 rp",6,0,733,733,-0.5,-0.5,733
"1023",2,29,"spillover1","rp",71,"spillover1 rp",6,0,353,353,-0.5,-0.5,353
"1025",2,45,"spillover1","rp",71,"spillover1 rp",6,0,504,504,-0.5,-0.5,504
"1027",2,41,"spillover1","rp",71,"spillover1 rp",6,0,667,667,-0.5,-0.5,667
"1029",2,35,"spillover1","rp",71,"spillover1 rp",8,0,300,300,-0.5,0.5,300
"1031",2,44,"spillover1","rp",71,"spillover1 rp",5,0,1174,1174,0.5,-0.5,1174
"1033",2,46,"spillover1","rp",71,"spillover1 rp",7,0,200,200,0.5,0.5,200
"1035",2,26,"spillover1","rp",71,"spillover1 rp",7,0,657,657,0.5,0.5,657
"1037",2,25,"spillover1","rp",71,"spillover1 rp",6,1,0,NA,-0.5,-0.5,NA
"1039",2,47,"spillover1","rp",71,"spillover1 rp",8,0,270,270,-0.5,0.5,270
"1041",2,34,"spillover1","rp",71,"spillover1 rp",7,0,427,427,0.5,0.5,427
"1043",2,43,"spillover1","rp",71,"spillover1 rp",8,0,423,423,-0.5,0.5,423
"1045",2,33,"spillover1","rp",71,"spillover1 rp",6,0,559,559,-0.5,-0.5,559
"1047",2,39,"spillover1","rp",71,"spillover1 rp",8,0,692,692,-0.5,0.5,692
"1049",2,30,"spillover1","rp",71,"spillover1 rp",7,0,1239,1239,0.5,0.5,1239
"1051",2,31,"spillover1","rp",71,"spillover1 rp",8,0,482,482,-0.5,0.5,482
"1053",2,36,"spillover1","rp",71,"spillover1 rp",5,0,639,639,0.5,-0.5,639
"1055",2,27,"spillover1","rp",71,"spillover1 rp",8,0,200,200,-0.5,0.5,200
"1729",3,36,"spillover1","rp",72,"spillover1 rp",6,0,582,582,-0.5,-0.5,582
"1731",3,27,"spillover1","rp",72,"spillover1 rp",5,0,13385,13385,0.5,-0.5,13385
"1733",3,37,"spillover1","rp",72,"spillover1 rp",7,0,1965,1965,0.5,0.5,1965
"1735",3,41,"spillover1","rp",72,"spillover1 rp",7,0,20211,20211,0.5,0.5,NA
"1737",3,26,"spillover1","rp",72,"spillover1 rp",8,0,1198,1198,-0.5,0.5,1198
"1739",3,45,"spillover1","rp",72,"spillover1 rp",7,0,1216,1216,0.5,0.5,1216
"1741",3,42,"spillover1","rp",72,"spillover1 rp",8,0,480,480,-0.5,0.5,480
"1743",3,47,"spillover1","rp",72,"spillover1 rp",5,0,1231,1231,0.5,-0.5,1231
"1745",3,29,"spillover1","rp",72,"spillover1 rp",7,0,977,977,0.5,0.5,977
"1747",3,34,"spillover1","rp",72,"spillover1 rp",8,0,863,863,-0.5,0.5,863
"1749",3,39,"spillover1","rp",72,"spillover1 rp",5,0,1009,1009,0.5,-0.5,1009
"1751",3,48,"spillover1","rp",72,"spillover1 rp",6,0,5923,5923,-0.5,-0.5,5923
"1753",3,44,"spillover1","rp",72,"spillover1 rp",6,0,742,742,-0.5,-0.5,742
"1755",3,43,"spillover1","rp",72,"spillover1 rp",5,0,1211,1211,0.5,-0.5,1211
"1757",3,28,"spillover1","rp",72,"spillover1 rp",6,0,580,580,-0.5,-0.5,580
"1759",3,40,"spillover1","rp",72,"spillover1 rp",6,0,642,642,-0.5,-0.5,642
"1761",3,30,"spillover1","rp",72,"spillover1 rp",8,0,532,532,-0.5,0.5,532
"1763",3,32,"spillover1","rp",72,"spillover1 rp",6,0,385,385,-0.5,-0.5,385
"1765",3,25,"spillover1","rp",72,"spillover1 rp",7,0,4463,4463,0.5,0.5,4463
"1767",3,38,"spillover1","rp",72,"spillover1 rp",8,0,1024,1024,-0.5,0.5,1024
"1769",3,33,"spillover1","rp",72,"spillover1 rp",7,0,717,717,0.5,0.5,717
"1771",3,31,"spillover1","rp",72,"spillover1 rp",5,0,1594,1594,0.5,-0.5,1594
"1773",3,46,"spillover1","rp",72,"spillover1 rp",8,0,1053,1053,-0.5,0.5,1053
"1775",3,35,"spillover1","rp",72,"spillover1 rp",5,0,1372,1372,0.5,-0.5,1372
"2425",4,28,"spillover1","rp",66,"spillover1 rp",7,0,8277,8277,0.5,0.5,8277
"2427",4,31,"spillover1","rp",66,"spillover1 rp",6,0,2867,2867,-0.5,-0.5,2867
"2429",4,44,"spillover1","rp",66,"spillover1 rp",7,0,7472,7472,0.5,0.5,7472
"2431",4,26,"spillover1","rp",66,"spillover1 rp",5,0,1744,1744,0.5,-0.5,1744
"2433",4,37,"spillover1","rp",66,"spillover1 rp",8,0,1160,1160,-0.5,0.5,1160
"2435",4,32,"spillover1","rp",66,"spillover1 rp",7,0,10240,10240,0.5,0.5,10240
"2437",4,36,"spillover1","rp",66,"spillover1 rp",7,0,2284,2284,0.5,0.5,2284
"2439",4,38,"spillover1","rp",66,"spillover1 rp",5,0,1574,1574,0.5,-0.5,1574
"2441",4,46,"spillover1","rp",66,"spillover1 rp",5,0,1762,1762,0.5,-0.5,1762
"2442",4,29,"spillover1","rp",66,"spillover1 rp",8,0,686,686,-0.5,0.5,686
"2444",4,43,"spillover1","rp",66,"spillover1 rp",6,0,1236,1236,-0.5,-0.5,1236
"2446",4,33,"spillover1","rp",66,"spillover1 rp",8,0,1199,1199,-0.5,0.5,1199
"2448",4,45,"spillover1","rp",66,"spillover1 rp",8,0,1687,1687,-0.5,0.5,1687
"2450",4,30,"spillover1","rp",66,"spillover1 rp",5,0,5121,5121,0.5,-0.5,5121
"2451",4,40,"spillover1","rp",66,"spillover1 rp",7,0,10939,10939,0.5,0.5,10939
"2453",4,41,"spillover1","rp",66,"spillover1 rp",8,0,1609,1609,-0.5,0.5,1609
"2455",4,48,"spillover1","rp",66,"spillover1 rp",7,0,4970,4970,0.5,0.5,4970
"2457",4,42,"spillover1","rp",66,"spillover1 rp",5,0,864,864,0.5,-0.5,864
"2458",4,25,"spillover1","rp",66,"spillover1 rp",8,0,921,921,-0.5,0.5,921
"2460",4,27,"spillover1","rp",66,"spillover1 rp",6,0,1663,1663,-0.5,-0.5,1663
"2462",4,47,"spillover1","rp",66,"spillover1 rp",6,0,1138,1138,-0.5,-0.5,1138
"2464",4,39,"spillover1","rp",66,"spillover1 rp",6,0,2127,2127,-0.5,-0.5,2127
"2466",4,34,"spillover1","rp",66,"spillover1 rp",5,0,1492,1492,0.5,-0.5,1492
"2467",4,35,"spillover1","rp",66,"spillover1 rp",6,0,763,763,-0.5,-0.5,763
"3110",5,42,"spillover1","rp",71,"spillover1 rp",6,0,402,402,-0.5,-0.5,402
"3112",5,47,"spillover1","rp",71,"spillover1 rp",7,0,2276,2276,0.5,0.5,2276
"3114",5,25,"spillover1","rp",71,"spillover1 rp",5,0,918,918,0.5,-0.5,918
"3116",5,43,"spillover1","rp",71,"spillover1 rp",7,0,1821,1821,0.5,0.5,1821
"3118",5,33,"spillover1","rp",71,"spillover1 rp",5,0,531,531,0.5,-0.5,531
"3120",5,41,"spillover1","rp",71,"spillover1 rp",5,0,2232,2232,0.5,-0.5,2232
"3122",5,29,"spillover1","rp",71,"spillover1 rp",5,0,1023,1023,0.5,-0.5,1023
"3124",5,39,"spillover1","rp",71,"spillover1 rp",7,0,1165,1165,0.5,0.5,1165
"3126",5,40,"spillover1","rp",71,"spillover1 rp",8,0,884,884,-0.5,0.5,884
"3128",5,28,"spillover1","rp",71,"spillover1 rp",8,0,784,784,-0.5,0.5,784
"3130",5,46,"spillover1","rp",71,"spillover1 rp",6,0,907,907,-0.5,-0.5,907
"3132",5,31,"spillover1","rp",71,"spillover1 rp",7,0,1728,1728,0.5,0.5,1728
"3134",5,36,"spillover1","rp",71,"spillover1 rp",8,0,499,499,-0.5,0.5,499
"3136",5,27,"spillover1","rp",71,"spillover1 rp",7,0,3105,3105,0.5,0.5,3105
"3138",5,38,"spillover1","rp",71,"spillover1 rp",6,0,1129,1129,-0.5,-0.5,1129
"3140",5,26,"spillover1","rp",71,"spillover1 rp",6,0,1019,1019,-0.5,-0.5,1019
"3142",5,44,"spillover1","rp",71,"spillover1 rp",8,0,1466,1466,-0.5,0.5,1466
"3144",5,45,"spillover1","rp",71,"spillover1 rp",5,0,1810,1810,0.5,-0.5,1810
"3146",5,30,"spillover1","rp",71,"spillover1 rp",6,0,406,406,-0.5,-0.5,406
"3148",5,32,"spillover1","rp",71,"spillover1 rp",8,0,1329,1329,-0.5,0.5,1329
"3150",5,37,"spillover1","rp",71,"spillover1 rp",5,0,1619,1619,0.5,-0.5,1619
"3152",5,34,"spillover1","rp",71,"spillover1 rp",6,0,492,492,-0.5,-0.5,492
"3154",5,48,"spillover1","rp",71,"spillover1 rp",8,0,457,457,-0.5,0.5,457
"3156",5,35,"spillover1","rp",71,"spillover1 rp",7,0,1337,1337,0.5,0.5,1337
"3829",6,48,"spillover1","rp",70,"spillover1 rp",5,0,1119,1119,0.5,-0.5,1119
"3831",6,40,"spillover1","rp",70,"spillover1 rp",5,0,1356,1356,0.5,-0.5,1356
"3833",6,28,"spillover1","rp",70,"spillover1 rp",5,0,2279,2279,0.5,-0.5,2279
"3835",6,46,"spillover1","rp",70,"spillover1 rp",7,0,1551,1551,0.5,0.5,1551
"3837",6,30,"spillover1","rp",70,"spillover1 rp",7,0,942,942,0.5,0.5,942
"3839",6,31,"spillover1","rp",70,"spillover1 rp",8,0,7124,7124,-0.5,0.5,7124
"3841",6,38,"spillover1","rp",70,"spillover1 rp",7,0,6756,6756,0.5,0.5,6756
"3843",6,35,"spillover1","rp",70,"spillover1 rp",8,0,522,522,-0.5,0.5,522
"3845",6,44,"spillover1","rp",70,"spillover1 rp",5,0,1908,1908,0.5,-0.5,1908
"3847",6,29,"spillover1","rp",70,"spillover1 rp",6,0,1630,1630,-0.5,-0.5,1630
"3849",6,32,"spillover1","rp",70,"spillover1 rp",5,0,1443,1443,0.5,-0.5,1443
"3851",6,47,"spillover1","rp",70,"spillover1 rp",8,0,711,711,-0.5,0.5,711
"3853",6,41,"spillover1","rp",70,"spillover1 rp",6,0,604,604,-0.5,-0.5,604
"3855",6,33,"spillover1","rp",70,"spillover1 rp",6,0,1411,1411,-0.5,-0.5,1411
"3857",6,27,"spillover1","rp",70,"spillover1 rp",8,0,1422,1422,-0.5,0.5,1422
"3859",6,25,"spillover1","rp",70,"spillover1 rp",6,0,335,335,-0.5,-0.5,335
"3861",6,39,"spillover1","rp",70,"spillover1 rp",8,0,851,851,-0.5,0.5,851
"3863",6,42,"spillover1","rp",70,"spillover1 rp",7,0,1989,1989,0.5,0.5,1989
"3865",6,45,"spillover1","rp",70,"spillover1 rp",6,0,458,458,-0.5,-0.5,458
"3867",6,36,"spillover1","rp",70,"spillover1 rp",5,0,999,999,0.5,-0.5,999
"3869",6,34,"spillover1","rp",70,"spillover1 rp",7,0,1032,1032,0.5,0.5,1032
"3871",6,37,"spillover1","rp",70,"spillover1 rp",6,0,617,617,-0.5,-0.5,617
"3873",6,26,"spillover1","rp",70,"spillover1 rp",7,0,1805,1805,0.5,0.5,1805
"3875",6,43,"spillover1","rp",70,"spillover1 rp",8,0,1530,1530,-0.5,0.5,1530
"4549",7,47,"spillover1","rp",63,"spillover1 rp",5,0,1009,1009,0.5,-0.5,1009
"4551",7,31,"spillover1","rp",63,"spillover1 rp",5,0,1823,1823,0.5,-0.5,1823
"4553",7,30,"spillover1","rp",63,"spillover1 rp",8,0,325,325,-0.5,0.5,325
"4555",7,44,"spillover1","rp",63,"spillover1 rp",6,0,309,309,-0.5,-0.5,309
"4557",7,42,"spillover1","rp",63,"spillover1 rp",8,0,236,236,-0.5,0.5,236
"4559",7,38,"spillover1","rp",63,"spillover1 rp",8,0,491,491,-0.5,0.5,491
"4561",7,39,"spillover1","rp",63,"spillover1 rp",5,0,1190,1190,0.5,-0.5,1190
"4563",7,37,"spillover1","rp",63,"spillover1 rp",7,0,385,385,0.5,0.5,385
"4565",7,28,"spillover1","rp",63,"spillover1 rp",6,0,415,415,-0.5,-0.5,415
"4567",7,27,"spillover1","rp",63,"spillover1 rp",5,0,211,211,0.5,-0.5,211
"4569",7,34,"spillover1","rp",63,"spillover1 rp",8,0,257,257,-0.5,0.5,257
"4571",7,32,"spillover1","rp",63,"spillover1 rp",6,0,408,408,-0.5,-0.5,408
"4573",7,36,"spillover1","rp",63,"spillover1 rp",6,0,156,156,-0.5,-0.5,156
"4575",7,35,"spillover1","rp",63,"spillover1 rp",5,0,468,468,0.5,-0.5,468
"4577",7,45,"spillover1","rp",63,"spillover1 rp",7,0,528,528,0.5,0.5,528
"4579",7,33,"spillover1","rp",63,"spillover1 rp",7,0,191,191,0.5,0.5,191
"4581",7,29,"spillover1","rp",63,"spillover1 rp",7,0,567,567,0.5,0.5,567
"4583",7,48,"spillover1","rp",63,"spillover1 rp",6,0,332,332,-0.5,-0.5,332
"4585",7,26,"spillover1","rp",63,"spillover1 rp",8,0,580,580,-0.5,0.5,580
"4587",7,41,"spillover1","rp",63,"spillover1 rp",7,0,4226,4226,0.5,0.5,NA
"4589",7,25,"spillover1","rp",63,"spillover1 rp",7,0,277,277,0.5,0.5,277
"4591",7,40,"spillover1","rp",63,"spillover1 rp",6,0,222,222,-0.5,-0.5,222
"4593",7,43,"spillover1","rp",63,"spillover1 rp",5,0,618,618,0.5,-0.5,618
"4595",7,46,"spillover1","rp",63,"spillover1 rp",8,0,187,187,-0.5,0.5,187
"5270",8,35,"spillover1","rp",63,"spillover1 rp",6,0,2612,2612,-0.5,-0.5,2612
"5272",8,41,"spillover1","rp",63,"spillover1 rp",8,0,7555,7555,-0.5,0.5,7555
"5274",8,47,"spillover1","rp",63,"spillover1 rp",6,0,6418,6418,-0.5,-0.5,6418
"5276",8,29,"spillover1","rp",63,"spillover1 rp",8,0,9017,9017,-0.5,0.5,9017
"5278",8,28,"spillover1","rp",63,"spillover1 rp",7,0,5176,5176,0.5,0.5,5176
"5280",8,46,"spillover1","rp",63,"spillover1 rp",5,0,9161,9161,0.5,-0.5,9161
"5282",8,31,"spillover1","rp",63,"spillover1 rp",6,0,5165,5165,-0.5,-0.5,5165
"5284",8,44,"spillover1","rp",63,"spillover1 rp",7,0,10094,10094,0.5,0.5,10094
"5286",8,39,"spillover1","rp",63,"spillover1 rp",6,0,4304,4304,-0.5,-0.5,4304
"5288",8,36,"spillover1","rp",63,"spillover1 rp",7,0,3365,3365,0.5,0.5,3365
"5290",8,38,"spillover1","rp",63,"spillover1 rp",5,0,2277,2277,0.5,-0.5,2277
"5292",8,32,"spillover1","rp",63,"spillover1 rp",7,0,6574,6574,0.5,0.5,6574
"5294",8,34,"spillover1","rp",63,"spillover1 rp",5,0,5457,5457,0.5,-0.5,5457
"5296",8,30,"spillover1","rp",63,"spillover1 rp",5,0,2413,2413,0.5,-0.5,2413
"5298",8,26,"spillover1","rp",63,"spillover1 rp",5,0,4604,4604,0.5,-0.5,4604
"5300",8,40,"spillover1","rp",63,"spillover1 rp",7,0,3486,3486,0.5,0.5,3486
"5302",8,33,"spillover1","rp",63,"spillover1 rp",8,0,591,591,-0.5,0.5,591
"5304",8,37,"spillover1","rp",63,"spillover1 rp",8,0,1742,1742,-0.5,0.5,1742
"5306",8,25,"spillover1","rp",63,"spillover1 rp",8,0,283,283,-0.5,0.5,283
"5308",8,45,"spillover1","rp",63,"spillover1 rp",8,0,316,316,-0.5,0.5,316
"5310",8,27,"spillover1","rp",63,"spillover1 rp",6,0,2748,2748,-0.5,-0.5,2748
"5312",8,43,"spillover1","rp",63,"spillover1 rp",6,0,950,950,-0.5,-0.5,950
"5314",8,48,"spillover1","rp",63,"spillover1 rp",7,0,2030,2030,0.5,0.5,2030
"5316",8,42,"spillover1","rp",63,"spillover1 rp",5,0,588,588,0.5,-0.5,588
"5989",9,29,"spillover1","rp",70,"spillover1 rp",5,0,1472,1472,0.5,-0.5,1472
"5991",9,31,"spillover1","rp",70,"spillover1 rp",7,0,12274,12274,0.5,0.5,12274
"5993",9,44,"spillover1","rp",70,"spillover1 rp",8,0,7126,7126,-0.5,0.5,7126
"5995",9,32,"spillover1","rp",70,"spillover1 rp",8,0,5626,5626,-0.5,0.5,5626
"5997",9,26,"spillover1","rp",70,"spillover1 rp",6,0,1228,1228,-0.5,-0.5,1228
"5999",9,33,"spillover1","rp",70,"spillover1 rp",5,0,2156,2156,0.5,-0.5,2156
"6001",9,47,"spillover1","rp",70,"spillover1 rp",7,0,18902,18902,0.5,0.5,18902
"6003",9,45,"spillover1","rp",70,"spillover1 rp",5,0,1320,1320,0.5,-0.5,1320
"6005",9,37,"spillover1","rp",70,"spillover1 rp",5,0,10180,10180,0.5,-0.5,10180
"6007",9,46,"spillover1","rp",70,"spillover1 rp",6,0,4352,4352,-0.5,-0.5,4352
"6009",9,25,"spillover1","rp",70,"spillover1 rp",5,0,8884,8884,0.5,-0.5,8884
"6011",9,40,"spillover1","rp",70,"spillover1 rp",8,0,3104,3104,-0.5,0.5,3104
"6013",9,27,"spillover1","rp",70,"spillover1 rp",7,0,19170,19170,0.5,0.5,19170
"6015",9,41,"spillover1","rp",70,"spillover1 rp",5,0,11708,11708,0.5,-0.5,11708
"6017",9,30,"spillover1","rp",70,"spillover1 rp",6,0,1300,1300,-0.5,-0.5,1300
"6019",9,38,"spillover1","rp",70,"spillover1 rp",6,0,3896,3896,-0.5,-0.5,3896
"6021",9,39,"spillover1","rp",70,"spillover1 rp",7,0,7842,7842,0.5,0.5,7842
"6023",9,43,"spillover1","rp",70,"spillover1 rp",7,0,2010,2010,0.5,0.5,2010
"6025",9,28,"spillover1","rp",70,"spillover1 rp",8,0,2524,2524,-0.5,0.5,2524
"6027",9,34,"spillover1","rp",70,"spillover1 rp",6,0,550,550,-0.5,-0.5,550
"6029",9,36,"spillover1","rp",70,"spillover1 rp",8,0,15416,15416,-0.5,0.5,15416
"6031",9,35,"spillover1","rp",70,"spillover1 rp",7,0,7336,7336,0.5,0.5,7336
"6033",9,48,"spillover1","rp",70,"spillover1 rp",8,0,5916,5916,-0.5,0.5,5916
"6035",9,42,"spillover1","rp",70,"spillover1 rp",6,0,6888,6888,-0.5,-0.5,6888
"6710",10,30,"spillover1","rp",70,"spillover1 rp",7,0,2436,2436,0.5,0.5,2436
"6712",10,32,"spillover1","rp",70,"spillover1 rp",5,0,7056,7056,0.5,-0.5,7056
"6714",10,41,"spillover1","rp",70,"spillover1 rp",6,0,1956,1956,-0.5,-0.5,1956
"6716",10,36,"spillover1","rp",70,"spillover1 rp",5,0,6374,6374,0.5,-0.5,6374
"6718",10,40,"spillover1","rp",70,"spillover1 rp",5,0,2872,2872,0.5,-0.5,2872
"6720",10,27,"spillover1","rp",70,"spillover1 rp",8,0,304,304,-0.5,0.5,304
"6722",10,46,"spillover1","rp",70,"spillover1 rp",7,0,1208,1208,0.5,0.5,1208
"6724",10,42,"spillover1","rp",70,"spillover1 rp",7,0,1206,1206,0.5,0.5,1206
"6726",10,37,"spillover1","rp",70,"spillover1 rp",6,0,6566,6566,-0.5,-0.5,6566
"6728",10,28,"spillover1","rp",70,"spillover1 rp",5,0,6262,6262,0.5,-0.5,6262
"6730",10,35,"spillover1","rp",70,"spillover1 rp",8,0,660,660,-0.5,0.5,660
"6732",10,48,"spillover1","rp",70,"spillover1 rp",5,0,2264,2264,0.5,-0.5,2264
"6734",10,33,"spillover1","rp",70,"spillover1 rp",6,0,1500,1500,-0.5,-0.5,1500
"6736",10,25,"spillover1","rp",70,"spillover1 rp",6,0,184,184,-0.5,-0.5,184
"6738",10,29,"spillover1","rp",70,"spillover1 rp",6,0,1904,1904,-0.5,-0.5,1904
"6740",10,31,"spillover1","rp",70,"spillover1 rp",8,0,1502,1502,-0.5,0.5,1502
"6742",10,44,"spillover1","rp",70,"spillover1 rp",5,0,3910,3910,0.5,-0.5,3910
"6744",10,34,"spillover1","rp",70,"spillover1 rp",7,0,898,898,0.5,0.5,898
"6746",10,26,"spillover1","rp",70,"spillover1 rp",7,0,1624,1624,0.5,0.5,1624
"6748",10,39,"spillover1","rp",70,"spillover1 rp",8,0,368,368,-0.5,0.5,368
"6750",10,47,"spillover1","rp",70,"spillover1 rp",8,0,1228,1228,-0.5,0.5,1228
"6752",10,38,"spillover1","rp",70,"spillover1 rp",7,0,4724,4724,0.5,0.5,4724
"6754",10,45,"spillover1","rp",70,"spillover1 rp",6,0,342,342,-0.5,-0.5,342
"6756",10,43,"spillover1","rp",70,"spillover1 rp",8,0,172,172,-0.5,0.5,172
"7430",11,25,"spillover1","rp",73,"spillover1 rp",7,0,1282,1282,0.5,0.5,1282
"7432",11,45,"spillover1","rp",73,"spillover1 rp",7,0,1142,1142,0.5,0.5,1142
"7434",11,26,"spillover1","rp",73,"spillover1 rp",8,0,1562,1562,-0.5,0.5,1562
"7436",11,46,"spillover1","rp",73,"spillover1 rp",8,0,674,674,-0.5,0.5,674
"7438",11,27,"spillover1","rp",73,"spillover1 rp",5,0,2882,2882,0.5,-0.5,2882
"7440",11,31,"spillover1","rp",73,"spillover1 rp",5,0,1732,1732,0.5,-0.5,1732
"7442",11,41,"spillover1","rp",73,"spillover1 rp",7,0,1964,1964,0.5,0.5,1964
"7444",11,30,"spillover1","rp",73,"spillover1 rp",8,0,9782,9782,-0.5,0.5,NA
"7446",11,38,"spillover1","rp",73,"spillover1 rp",8,0,1002,1002,-0.5,0.5,1002
"7448",11,47,"spillover1","rp",73,"spillover1 rp",5,0,3914,3914,0.5,-0.5,3914
"7450",11,36,"spillover1","rp",73,"spillover1 rp",6,0,576,576,-0.5,-0.5,576
"7452",11,37,"spillover1","rp",73,"spillover1 rp",7,0,1366,1366,0.5,0.5,1366
"7454",11,32,"spillover1","rp",73,"spillover1 rp",6,0,3194,3194,-0.5,-0.5,3194
"7456",11,44,"spillover1","rp",73,"spillover1 rp",6,0,438,438,-0.5,-0.5,438
"7458",11,43,"spillover1","rp",73,"spillover1 rp",5,0,2706,2706,0.5,-0.5,2706
"7460",11,28,"spillover1","rp",73,"spillover1 rp",6,0,3908,3908,-0.5,-0.5,3908
"7462",11,48,"spillover1","rp",73,"spillover1 rp",6,0,1476,1476,-0.5,-0.5,1476
"7464",11,42,"spillover1","rp",73,"spillover1 rp",8,0,284,284,-0.5,0.5,284
"7466",11,40,"spillover1","rp",73,"spillover1 rp",6,0,630,630,-0.5,-0.5,630
"7468",11,35,"spillover1","rp",73,"spillover1 rp",5,0,2222,2222,0.5,-0.5,2222
"7470",11,33,"spillover1","rp",73,"spillover1 rp",7,0,1152,1152,0.5,0.5,1152
"7472",11,39,"spillover1","rp",73,"spillover1 rp",5,0,1978,1978,0.5,-0.5,1978
"7474",11,29,"spillover1","rp",73,"spillover1 rp",7,0,2216,2216,0.5,0.5,2216
"7476",11,34,"spillover1","rp",73,"spillover1 rp",8,0,416,416,-0.5,0.5,416
"8150",12,33,"spillover1","rp",69,"spillover1 rp",6,0,618,618,-0.5,-0.5,618
"8152",12,34,"spillover1","rp",69,"spillover1 rp",7,0,678,678,0.5,0.5,678
"8154",12,43,"spillover1","rp",69,"spillover1 rp",8,0,795,795,-0.5,0.5,795
"8156",12,35,"spillover1","rp",69,"spillover1 rp",8,0,1133,1133,-0.5,0.5,1133
"8158",12,38,"spillover1","rp",69,"spillover1 rp",7,0,589,589,0.5,0.5,589
"8160",12,44,"spillover1","rp",69,"spillover1 rp",5,0,578,578,0.5,-0.5,578
"8162",12,25,"spillover1","rp",69,"spillover1 rp",6,0,241,241,-0.5,-0.5,241
"8164",12,36,"spillover1","rp",69,"spillover1 rp",5,0,1478,1478,0.5,-0.5,1478
"8166",12,28,"spillover1","rp",69,"spillover1 rp",5,0,1997,1997,0.5,-0.5,1997
"8168",12,31,"spillover1","rp",69,"spillover1 rp",8,0,3108,3108,-0.5,0.5,3108
"8170",12,29,"spillover1","rp",69,"spillover1 rp",6,0,531,531,-0.5,-0.5,531
"8172",12,30,"spillover1","rp",69,"spillover1 rp",7,0,424,424,0.5,0.5,424
"8174",12,45,"spillover1","rp",69,"spillover1 rp",6,0,363,363,-0.5,-0.5,363
"8176",12,27,"spillover1","rp",69,"spillover1 rp",8,0,571,571,-0.5,0.5,571
"8178",12,46,"spillover1","rp",69,"spillover1 rp",7,0,686,686,0.5,0.5,686
"8180",12,41,"spillover1","rp",69,"spillover1 rp",6,0,2796,2796,-0.5,-0.5,2796
"8182",12,37,"spillover1","rp",69,"spillover1 rp",6,0,555,555,-0.5,-0.5,555
"8184",12,32,"spillover1","rp",69,"spillover1 rp",5,0,1639,1639,0.5,-0.5,1639
"8186",12,42,"spillover1","rp",69,"spillover1 rp",7,0,1539,1539,0.5,0.5,1539
"8188",12,47,"spillover1","rp",69,"spillover1 rp",8,0,565,565,-0.5,0.5,565
"8190",12,48,"spillover1","rp",69,"spillover1 rp",5,0,1222,1222,0.5,-0.5,1222
"8192",12,39,"spillover1","rp",69,"spillover1 rp",8,0,1572,1572,-0.5,0.5,1572
"8194",12,26,"spillover1","rp",69,"spillover1 rp",7,0,3158,3158,0.5,0.5,3158
"8196",12,40,"spillover1","rp",69,"spillover1 rp",5,0,1559,1559,0.5,-0.5,1559
"8869",13,47,"spillover1","rp",75,"spillover1 rp",6,0,1084,1084,-0.5,-0.5,1084
"8871",13,27,"spillover1","rp",75,"spillover1 rp",6,0,2436,2436,-0.5,-0.5,2436
"8873",13,41,"spillover1","rp",75,"spillover1 rp",8,0,592,592,-0.5,0.5,592
"8875",13,35,"spillover1","rp",75,"spillover1 rp",6,0,1242,1242,-0.5,-0.5,1242
"8877",13,37,"spillover1","rp",75,"spillover1 rp",8,0,964,964,-0.5,0.5,964
"8879",13,43,"spillover1","rp",75,"spillover1 rp",6,0,1058,1058,-0.5,-0.5,1058
"8881",13,44,"spillover1","rp",75,"spillover1 rp",7,0,2076,2076,0.5,0.5,2076
"8883",13,46,"spillover1","rp",75,"spillover1 rp",5,0,1210,1210,0.5,-0.5,1210
"8885",13,25,"spillover1","rp",75,"spillover1 rp",8,0,584,584,-0.5,0.5,584
"8887",13,30,"spillover1","rp",75,"spillover1 rp",5,0,2454,2454,0.5,-0.5,2454
"8889",13,29,"spillover1","rp",75,"spillover1 rp",8,0,796,796,-0.5,0.5,796
"8891",13,31,"spillover1","rp",75,"spillover1 rp",6,0,1294,1294,-0.5,-0.5,1294
"8893",13,38,"spillover1","rp",75,"spillover1 rp",5,0,2830,2830,0.5,-0.5,2830
"8895",13,32,"spillover1","rp",75,"spillover1 rp",7,0,2542,2542,0.5,0.5,2542
"8897",13,34,"spillover1","rp",75,"spillover1 rp",5,0,772,772,0.5,-0.5,772
"8899",13,26,"spillover1","rp",75,"spillover1 rp",5,0,3338,3338,0.5,-0.5,3338
"8901",13,39,"spillover1","rp",75,"spillover1 rp",6,0,1840,1840,-0.5,-0.5,1840
"8903",13,33,"spillover1","rp",75,"spillover1 rp",8,0,456,456,-0.5,0.5,456
"8905",13,36,"spillover1","rp",75,"spillover1 rp",7,0,2360,2360,0.5,0.5,2360
"8907",13,48,"spillover1","rp",75,"spillover1 rp",7,0,862,862,0.5,0.5,862
"8909",13,40,"spillover1","rp",75,"spillover1 rp",7,0,2230,2230,0.5,0.5,2230
"8911",13,45,"spillover1","rp",75,"spillover1 rp",8,0,402,402,-0.5,0.5,402
"8913",13,42,"spillover1","rp",75,"spillover1 rp",5,0,452,452,0.5,-0.5,452
"8915",13,28,"spillover1","rp",75,"spillover1 rp",7,0,1862,1862,0.5,0.5,1862
"9590",14,41,"spillover1","rp",68,"spillover1 rp",5,0,5624,5624,0.5,-0.5,5624
"9592",14,34,"spillover1","rp",68,"spillover1 rp",6,0,616,616,-0.5,-0.5,616
"9594",14,35,"spillover1","rp",68,"spillover1 rp",7,0,8134,8134,0.5,0.5,8134
"9596",14,27,"spillover1","rp",68,"spillover1 rp",7,0,4082,4082,0.5,0.5,4082
"9598",14,44,"spillover1","rp",68,"spillover1 rp",8,0,2470,2470,-0.5,0.5,2470
"9600",14,33,"spillover1","rp",68,"spillover1 rp",5,0,2354,2354,0.5,-0.5,2354
"9602",14,28,"spillover1","rp",68,"spillover1 rp",8,0,706,706,-0.5,0.5,706
"9604",14,26,"spillover1","rp",68,"spillover1 rp",6,0,3748,3748,-0.5,-0.5,3748
"9606",14,37,"spillover1","rp",68,"spillover1 rp",5,0,3692,3692,0.5,-0.5,3692
"9608",14,36,"spillover1","rp",68,"spillover1 rp",8,0,1112,1112,-0.5,0.5,1112
"9610",14,46,"spillover1","rp",68,"spillover1 rp",6,0,3862,3862,-0.5,-0.5,3862
"9612",14,29,"spillover1","rp",68,"spillover1 rp",5,0,2250,2250,0.5,-0.5,2250
"9614",14,38,"spillover1","rp",68,"spillover1 rp",6,0,536,536,-0.5,-0.5,536
"9616",14,39,"spillover1","rp",68,"spillover1 rp",7,0,3584,3584,0.5,0.5,3584
"9618",14,47,"spillover1","rp",68,"spillover1 rp",7,0,5660,5660,0.5,0.5,5660
"9620",14,25,"spillover1","rp",68,"spillover1 rp",5,0,722,722,0.5,-0.5,722
"9622",14,48,"spillover1","rp",68,"spillover1 rp",8,0,614,614,-0.5,0.5,614
"9624",14,42,"spillover1","rp",68,"spillover1 rp",6,0,1668,1668,-0.5,-0.5,1668
"9626",14,45,"spillover1","rp",68,"spillover1 rp",5,0,1390,1390,0.5,-0.5,1390
"9628",14,43,"spillover1","rp",68,"spillover1 rp",7,0,616,616,0.5,0.5,616
"9630",14,32,"spillover1","rp",68,"spillover1 rp",8,0,650,650,-0.5,0.5,650
"9632",14,40,"spillover1","rp",68,"spillover1 rp",8,0,484,484,-0.5,0.5,484
"9634",14,30,"spillover1","rp",68,"spillover1 rp",6,0,330,330,-0.5,-0.5,330
"9636",14,31,"spillover1","rp",68,"spillover1 rp",7,0,1124,1124,0.5,0.5,1124
"10286",15,34,"spillover1","rp",77,"spillover1 rp",7,0,6510,6510,0.5,0.5,NA
"10288",15,30,"spillover1","rp",77,"spillover1 rp",7,0,704,704,0.5,0.5,704
"10290",15,35,"spillover1","rp",77,"spillover1 rp",8,0,484,484,-0.5,0.5,484
"10292",15,38,"spillover1","rp",77,"spillover1 rp",7,0,1194,1194,0.5,0.5,1194
"10294",15,46,"spillover1","rp",77,"spillover1 rp",7,0,838,838,0.5,0.5,838
"10295",15,36,"spillover1","rp",77,"spillover1 rp",5,0,918,918,0.5,-0.5,918
"10297",15,25,"spillover1","rp",77,"spillover1 rp",6,0,460,460,-0.5,-0.5,460
"10299",15,28,"spillover1","rp",77,"spillover1 rp",5,0,1004,1004,0.5,-0.5,1004
"10301",15,33,"spillover1","rp",77,"spillover1 rp",6,0,534,534,-0.5,-0.5,534
"10303",15,42,"spillover1","rp",77,"spillover1 rp",7,0,560,560,0.5,0.5,560
"10305",15,45,"spillover1","rp",77,"spillover1 rp",6,0,368,368,-0.5,-0.5,368
"10307",15,29,"spillover1","rp",77,"spillover1 rp",6,0,466,466,-0.5,-0.5,466
"10309",15,41,"spillover1","rp",77,"spillover1 rp",6,0,796,796,-0.5,-0.5,796
"10311",15,31,"spillover1","rp",77,"spillover1 rp",8,0,468,468,-0.5,0.5,468
"10313",15,47,"spillover1","rp",77,"spillover1 rp",8,0,666,666,-0.5,0.5,666
"10314",15,37,"spillover1","rp",77,"spillover1 rp",6,0,640,640,-0.5,-0.5,640
"10316",15,27,"spillover1","rp",77,"spillover1 rp",8,0,298,298,-0.5,0.5,298
"10317",15,48,"spillover1","rp",77,"spillover1 rp",5,0,1068,1068,0.5,-0.5,1068
"10319",15,40,"spillover1","rp",77,"spillover1 rp",5,0,574,574,0.5,-0.5,574
"10321",15,43,"spillover1","rp",77,"spillover1 rp",8,0,1178,1178,-0.5,0.5,1178
"10323",15,39,"spillover1","rp",77,"spillover1 rp",8,0,718,718,-0.5,0.5,718
"10325",15,26,"spillover1","rp",77,"spillover1 rp",7,0,820,820,0.5,0.5,820
"10326",15,44,"spillover1","rp",77,"spillover1 rp",5,0,440,440,0.5,-0.5,440
"10328",15,32,"spillover1","rp",77,"spillover1 rp",5,0,914,914,0.5,-0.5,914
"10970",16,33,"spillover1","rp",89,"spillover1 rp",7,0,594,594,0.5,0.5,594
"10972",16,25,"spillover1","rp",89,"spillover1 rp",7,0,384,384,0.5,0.5,384
"10974",16,36,"spillover1","rp",89,"spillover1 rp",6,0,240,240,-0.5,-0.5,240
"10976",16,47,"spillover1","rp",89,"spillover1 rp",5,0,750,750,0.5,-0.5,750
"10978",16,48,"spillover1","rp",89,"spillover1 rp",6,0,680,680,-0.5,-0.5,680
"10980",16,30,"spillover1","rp",89,"spillover1 rp",8,0,1952,1952,-0.5,0.5,1952
"10982",16,27,"spillover1","rp",89,"spillover1 rp",5,0,1166,1166,0.5,-0.5,1166
"10984",16,41,"spillover1","rp",89,"spillover1 rp",7,0,5446,5446,0.5,0.5,NA
"10986",16,46,"spillover1","rp",89,"spillover1 rp",8,0,400,400,-0.5,0.5,400
"10988",16,38,"spillover1","rp",89,"spillover1 rp",8,0,556,556,-0.5,0.5,556
"10990",16,44,"spillover1","rp",89,"spillover1 rp",6,0,386,386,-0.5,-0.5,386
"10992",16,28,"spillover1","rp",89,"spillover1 rp",6,0,536,536,-0.5,-0.5,536
"10994",16,31,"spillover1","rp",89,"spillover1 rp",5,0,1202,1202,0.5,-0.5,1202
"10996",16,29,"spillover1","rp",89,"spillover1 rp",7,0,952,952,0.5,0.5,952
"10998",16,37,"spillover1","rp",89,"spillover1 rp",7,0,600,600,0.5,0.5,600
"11000",16,32,"spillover1","rp",89,"spillover1 rp",6,0,558,558,-0.5,-0.5,558
"11002",16,43,"spillover1","rp",89,"spillover1 rp",5,0,960,960,0.5,-0.5,960
"11004",16,26,"spillover1","rp",89,"spillover1 rp",8,0,352,352,-0.5,0.5,352
"11006",16,34,"spillover1","rp",89,"spillover1 rp",8,0,410,410,-0.5,0.5,410
"11008",16,35,"spillover1","rp",89,"spillover1 rp",5,0,588,588,0.5,-0.5,588
"11010",16,42,"spillover1","rp",89,"spillover1 rp",8,0,354,354,-0.5,0.5,354
"11012",16,45,"spillover1","rp",89,"spillover1 rp",7,0,538,538,0.5,0.5,538
"11014",16,40,"spillover1","rp",89,"spillover1 rp",6,0,202,202,-0.5,-0.5,202
"11016",16,39,"spillover1","rp",89,"spillover1 rp",5,0,556,556,0.5,-0.5,556
"11690",17,35,"spillover1","rp",82,"spillover1 rp",6,0,542,542,-0.5,-0.5,542
"11692",17,40,"spillover1","rp",82,"spillover1 rp",7,0,7948,7948,0.5,0.5,NA
"11694",17,42,"spillover1","rp",82,"spillover1 rp",5,0,2546,2546,0.5,-0.5,2546
"11696",17,31,"spillover1","rp",82,"spillover1 rp",6,0,2912,2912,-0.5,-0.5,2912
"11698",17,33,"spillover1","rp",82,"spillover1 rp",8,0,700,700,-0.5,0.5,700
"11700",17,29,"spillover1","rp",82,"spillover1 rp",8,0,602,602,-0.5,0.5,602
"11702",17,28,"spillover1","rp",82,"spillover1 rp",7,0,2836,2836,0.5,0.5,2836
"11704",17,41,"spillover1","rp",82,"spillover1 rp",8,0,818,818,-0.5,0.5,818
"11706",17,44,"spillover1","rp",82,"spillover1 rp",7,0,3788,3788,0.5,0.5,3788
"11708",17,37,"spillover1","rp",82,"spillover1 rp",8,0,1688,1688,-0.5,0.5,1688
"11710",17,30,"spillover1","rp",82,"spillover1 rp",5,0,1580,1580,0.5,-0.5,1580
"11712",17,38,"spillover1","rp",82,"spillover1 rp",5,0,1358,1358,0.5,-0.5,1358
"11714",17,47,"spillover1","rp",82,"spillover1 rp",6,0,1132,1132,-0.5,-0.5,1132
"11716",17,32,"spillover1","rp",82,"spillover1 rp",7,0,1400,1400,0.5,0.5,1400
"11718",17,45,"spillover1","rp",82,"spillover1 rp",8,0,742,742,-0.5,0.5,742
"11720",17,39,"spillover1","rp",82,"spillover1 rp",6,0,790,790,-0.5,-0.5,790
"11722",17,27,"spillover1","rp",82,"spillover1 rp",6,0,708,708,-0.5,-0.5,708
"11724",17,43,"spillover1","rp",82,"spillover1 rp",6,0,1998,1998,-0.5,-0.5,1998
"11726",17,48,"spillover1","rp",82,"spillover1 rp",7,0,3314,3314,0.5,0.5,3314
"11728",17,34,"spillover1","rp",82,"spillover1 rp",5,0,1472,1472,0.5,-0.5,1472
"11730",17,25,"spillover1","rp",82,"spillover1 rp",8,0,608,608,-0.5,0.5,608
"11732",17,36,"spillover1","rp",82,"spillover1 rp",7,0,3312,3312,0.5,0.5,3312
"11734",17,26,"spillover1","rp",82,"spillover1 rp",5,0,2442,2442,0.5,-0.5,2442
"11736",17,46,"spillover1","rp",82,"spillover1 rp",5,0,1964,1964,0.5,-0.5,1964
"12410",18,47,"spillover1","rp",89,"spillover1 rp",7,0,706,706,0.5,0.5,706
"12412",18,28,"spillover1","rp",89,"spillover1 rp",8,0,666,666,-0.5,0.5,666
"12414",18,27,"spillover1","rp",89,"spillover1 rp",7,0,756,756,0.5,0.5,756
"12416",18,38,"spillover1","rp",89,"spillover1 rp",6,0,704,704,-0.5,-0.5,704
"12418",18,34,"spillover1","rp",89,"spillover1 rp",6,0,674,674,-0.5,-0.5,674
"12420",18,39,"spillover1","rp",89,"spillover1 rp",7,0,1150,1150,0.5,0.5,1150
"12422",18,31,"spillover1","rp",89,"spillover1 rp",7,0,1394,1394,0.5,0.5,1394
"12424",18,37,"spillover1","rp",89,"spillover1 rp",5,0,796,796,0.5,-0.5,796
"12426",18,45,"spillover1","rp",89,"spillover1 rp",5,0,954,954,0.5,-0.5,954
"12428",18,40,"spillover1","rp",89,"spillover1 rp",8,0,448,448,-0.5,0.5,448
"12430",18,33,"spillover1","rp",89,"spillover1 rp",5,0,1016,1016,0.5,-0.5,1016
"12432",18,48,"spillover1","rp",89,"spillover1 rp",8,0,652,652,-0.5,0.5,652
"12434",18,30,"spillover1","rp",89,"spillover1 rp",6,0,610,610,-0.5,-0.5,610
"12436",18,42,"spillover1","rp",89,"spillover1 rp",6,0,230,230,-0.5,-0.5,230
"12438",18,25,"spillover1","rp",89,"spillover1 rp",5,0,486,486,0.5,-0.5,486
"12440",18,32,"spillover1","rp",89,"spillover1 rp",8,0,2226,2226,-0.5,0.5,2226
"12442",18,44,"spillover1","rp",89,"spillover1 rp",8,0,760,760,-0.5,0.5,760
"12444",18,29,"spillover1","rp",89,"spillover1 rp",5,0,472,472,0.5,-0.5,472
"12446",18,41,"spillover1","rp",89,"spillover1 rp",5,0,1112,1112,0.5,-0.5,1112
"12448",18,35,"spillover1","rp",89,"spillover1 rp",7,0,3232,3232,0.5,0.5,3232
"12450",18,46,"spillover1","rp",89,"spillover1 rp",6,0,460,460,-0.5,-0.5,460
"12452",18,26,"spillover1","rp",89,"spillover1 rp",6,0,410,410,-0.5,-0.5,410
"12454",18,36,"spillover1","rp",89,"spillover1 rp",8,0,336,336,-0.5,0.5,336
"12456",18,43,"spillover1","rp",89,"spillover1 rp",7,0,2040,2040,0.5,0.5,2040
"13129",19,29,"spillover1","rp",53,"spillover1 rp",6,0,408,408,-0.5,-0.5,408
"13131",19,45,"spillover1","rp",53,"spillover1 rp",6,0,1102,1102,-0.5,-0.5,1102
"13133",19,27,"spillover1","rp",53,"spillover1 rp",8,0,744,744,-0.5,0.5,744
"13135",19,46,"spillover1","rp",53,"spillover1 rp",7,0,5804,5804,0.5,0.5,5804
"13137",19,41,"spillover1","rp",53,"spillover1 rp",6,0,2126,2126,-0.5,-0.5,2126
"13139",19,30,"spillover1","rp",53,"spillover1 rp",7,0,1278,1278,0.5,0.5,1278
"13141",19,47,"spillover1","rp",53,"spillover1 rp",8,0,596,596,-0.5,0.5,596
"13143",19,33,"spillover1","rp",53,"spillover1 rp",6,0,368,368,-0.5,-0.5,368
"13145",19,39,"spillover1","rp",53,"spillover1 rp",8,0,4726,4726,-0.5,0.5,4726
"13147",19,40,"spillover1","rp",53,"spillover1 rp",5,0,1156,1156,0.5,-0.5,1156
"13149",19,48,"spillover1","rp",53,"spillover1 rp",5,0,978,978,0.5,-0.5,978
"13151",19,32,"spillover1","rp",53,"spillover1 rp",5,0,1468,1468,0.5,-0.5,1468
"13153",19,42,"spillover1","rp",53,"spillover1 rp",7,0,2158,2158,0.5,0.5,2158
"13155",19,31,"spillover1","rp",53,"spillover1 rp",8,0,1050,1050,-0.5,0.5,1050
"13157",19,34,"spillover1","rp",53,"spillover1 rp",7,0,414,414,0.5,0.5,414
"13159",19,35,"spillover1","rp",53,"spillover1 rp",8,0,654,654,-0.5,0.5,654
"13161",19,37,"spillover1","rp",53,"spillover1 rp",6,0,4642,4642,-0.5,-0.5,4642
"13163",19,26,"spillover1","rp",53,"spillover1 rp",7,0,1234,1234,0.5,0.5,1234
"13165",19,43,"spillover1","rp",53,"spillover1 rp",8,0,666,666,-0.5,0.5,666
"13167",19,25,"spillover1","rp",53,"spillover1 rp",6,0,534,534,-0.5,-0.5,534
"13169",19,28,"spillover1","rp",53,"spillover1 rp",5,0,6736,6736,0.5,-0.5,6736
"13171",19,44,"spillover1","rp",53,"spillover1 rp",5,0,280,280,0.5,-0.5,280
"13173",19,36,"spillover1","rp",53,"spillover1 rp",5,0,474,474,0.5,-0.5,474
"13175",19,38,"spillover1","rp",53,"spillover1 rp",7,0,1208,1208,0.5,0.5,1208
"13849",20,41,"spillover1","rp",81,"spillover1 rp",7,0,10114,10114,0.5,0.5,NA
"13851",20,37,"spillover1","rp",81,"spillover1 rp",7,0,1812,1812,0.5,0.5,1812
"13853",20,47,"spillover1","rp",81,"spillover1 rp",5,0,1118,1118,0.5,-0.5,1118
"13855",20,25,"spillover1","rp",81,"spillover1 rp",7,0,788,788,0.5,0.5,788
"13857",20,39,"spillover1","rp",81,"spillover1 rp",5,0,1076,1076,0.5,-0.5,1076
"13859",20,40,"spillover1","rp",81,"spillover1 rp",6,0,608,608,-0.5,-0.5,608
"13861",20,30,"spillover1","rp",81,"spillover1 rp",8,0,1146,1146,-0.5,0.5,1146
"13863",20,34,"spillover1","rp",81,"spillover1 rp",8,0,808,808,-0.5,0.5,808
"13865",20,26,"spillover1","rp",81,"spillover1 rp",8,0,1372,1372,-0.5,0.5,1372
"13867",20,28,"spillover1","rp",81,"spillover1 rp",6,0,1284,1284,-0.5,-0.5,1284
"13869",20,36,"spillover1","rp",81,"spillover1 rp",6,0,546,546,-0.5,-0.5,546
"13871",20,45,"spillover1","rp",81,"spillover1 rp",7,0,850,850,0.5,0.5,850
"13873",20,42,"spillover1","rp",81,"spillover1 rp",8,0,546,546,-0.5,0.5,546
"13875",20,29,"spillover1","rp",81,"spillover1 rp",7,0,802,802,0.5,0.5,802
"13877",20,44,"spillover1","rp",81,"spillover1 rp",6,0,946,946,-0.5,-0.5,946
"13879",20,46,"spillover1","rp",81,"spillover1 rp",8,0,1620,1620,-0.5,0.5,1620
"13881",20,32,"spillover1","rp",81,"spillover1 rp",6,0,7984,7984,-0.5,-0.5,7984
"13883",20,38,"spillover1","rp",81,"spillover1 rp",8,0,1242,1242,-0.5,0.5,1242
"13885",20,43,"spillover1","rp",81,"spillover1 rp",5,0,822,822,0.5,-0.5,822
"13887",20,33,"spillover1","rp",81,"spillover1 rp",7,0,874,874,0.5,0.5,874
"13889",20,31,"spillover1","rp",81,"spillover1 rp",5,0,1606,1606,0.5,-0.5,1606
"13891",20,35,"spillover1","rp",81,"spillover1 rp",5,0,514,514,0.5,-0.5,514
"13893",20,48,"spillover1","rp",81,"spillover1 rp",6,0,1282,1282,-0.5,-0.5,1282
"13895",20,27,"spillover1","rp",81,"spillover1 rp",5,0,3684,3684,0.5,-0.5,3684
"14569",21,31,"spillover1","rp",86,"spillover1 rp",6,0,1448,1448,-0.5,-0.5,1448
"14571",21,37,"spillover1","rp",86,"spillover1 rp",8,0,4494,4494,-0.5,0.5,4494
"14573",21,36,"spillover1","rp",86,"spillover1 rp",7,0,2624,2624,0.5,0.5,2624
"14575",21,46,"spillover1","rp",86,"spillover1 rp",5,0,800,800,0.5,-0.5,800
"14577",21,28,"spillover1","rp",86,"spillover1 rp",7,0,1646,1646,0.5,0.5,1646
"14579",21,34,"spillover1","rp",86,"spillover1 rp",5,0,2634,2634,0.5,-0.5,2634
"14581",21,35,"spillover1","rp",86,"spillover1 rp",6,0,1100,1100,-0.5,-0.5,1100
"14583",21,48,"spillover1","rp",86,"spillover1 rp",7,0,6396,6396,0.5,0.5,6396
"14585",21,47,"spillover1","rp",86,"spillover1 rp",6,0,1370,1370,-0.5,-0.5,1370
"14587",21,40,"spillover1","rp",86,"spillover1 rp",7,0,4072,4072,0.5,0.5,4072
"14589",21,41,"spillover1","rp",86,"spillover1 rp",8,0,1940,1940,-0.5,0.5,1940
"14591",21,44,"spillover1","rp",86,"spillover1 rp",7,0,1222,1222,0.5,0.5,1222
"14593",21,43,"spillover1","rp",86,"spillover1 rp",6,0,1284,1284,-0.5,-0.5,1284
"14595",21,25,"spillover1","rp",86,"spillover1 rp",8,0,618,618,-0.5,0.5,618
"14597",21,39,"spillover1","rp",86,"spillover1 rp",6,0,608,608,-0.5,-0.5,608
"14599",21,32,"spillover1","rp",86,"spillover1 rp",7,0,6018,6018,0.5,0.5,6018
"14601",21,27,"spillover1","rp",86,"spillover1 rp",6,0,864,864,-0.5,-0.5,864
"14603",21,26,"spillover1","rp",86,"spillover1 rp",5,0,2568,2568,0.5,-0.5,2568
"14605",21,45,"spillover1","rp",86,"spillover1 rp",8,0,454,454,-0.5,0.5,454
"14607",21,38,"spillover1","rp",86,"spillover1 rp",5,0,1548,1548,0.5,-0.5,1548
"14609",21,33,"spillover1","rp",86,"spillover1 rp",8,0,656,656,-0.5,0.5,656
"14611",21,30,"spillover1","rp",86,"spillover1 rp",5,0,1654,1654,0.5,-0.5,1654
"14613",21,29,"spillover1","rp",86,"spillover1 rp",8,0,758,758,-0.5,0.5,758
"14615",21,42,"spillover1","rp",86,"spillover1 rp",5,0,1374,1374,0.5,-0.5,1374
"15290",22,47,"spillover1","rp",53,"spillover1 rp",7,0,1602,1602,0.5,0.5,1602
"15292",22,36,"spillover1","rp",53,"spillover1 rp",8,0,594,594,-0.5,0.5,594
"15294",22,25,"spillover1","rp",53,"spillover1 rp",5,0,730,730,0.5,-0.5,730
"15296",22,43,"spillover1","rp",53,"spillover1 rp",7,0,4912,4912,0.5,0.5,4912
"15298",22,27,"spillover1","rp",53,"spillover1 rp",7,0,376,376,0.5,0.5,376
"15300",22,38,"spillover1","rp",53,"spillover1 rp",6,0,604,604,-0.5,-0.5,604
"15302",22,35,"spillover1","rp",53,"spillover1 rp",7,0,1288,1288,0.5,0.5,1288
"15304",22,40,"spillover1","rp",53,"spillover1 rp",8,0,478,478,-0.5,0.5,478
"15306",22,45,"spillover1","rp",53,"spillover1 rp",5,0,892,892,0.5,-0.5,892
"15308",22,39,"spillover1","rp",53,"spillover1 rp",7,0,1436,1436,0.5,0.5,1436
"15310",22,28,"spillover1","rp",53,"spillover1 rp",8,0,702,702,-0.5,0.5,702
"15312",22,42,"spillover1","rp",53,"spillover1 rp",6,0,310,310,-0.5,-0.5,310
"15314",22,37,"spillover1","rp",53,"spillover1 rp",5,0,1152,1152,0.5,-0.5,1152
"15316",22,30,"spillover1","rp",53,"spillover1 rp",6,0,558,558,-0.5,-0.5,558
"15318",22,31,"spillover1","rp",53,"spillover1 rp",7,0,1080,1080,0.5,0.5,1080
"15320",22,32,"spillover1","rp",53,"spillover1 rp",8,0,1726,1726,-0.5,0.5,1726
"15322",22,46,"spillover1","rp",53,"spillover1 rp",6,0,446,446,-0.5,-0.5,446
"15324",22,34,"spillover1","rp",53,"spillover1 rp",6,0,800,800,-0.5,-0.5,800
"15326",22,33,"spillover1","rp",53,"spillover1 rp",5,0,740,740,0.5,-0.5,740
"15328",22,26,"spillover1","rp",53,"spillover1 rp",6,0,664,664,-0.5,-0.5,664
"15330",22,29,"spillover1","rp",53,"spillover1 rp",5,0,644,644,0.5,-0.5,644
"15332",22,41,"spillover1","rp",53,"spillover1 rp",5,0,850,850,0.5,-0.5,850
"15334",22,48,"spillover1","rp",53,"spillover1 rp",8,0,9418,9418,-0.5,0.5,NA
"15336",22,44,"spillover1","rp",53,"spillover1 rp",8,0,530,530,-0.5,0.5,530
"16010",23,34,"spillover1","rp",79,"spillover1 rp",8,0,904,904,-0.5,0.5,904
"16012",23,28,"spillover1","rp",79,"spillover1 rp",6,0,1058,1058,-0.5,-0.5,1058
"16014",23,43,"spillover1","rp",79,"spillover1 rp",5,0,1005,1005,0.5,-0.5,1005
"16016",23,33,"spillover1","rp",79,"spillover1 rp",7,0,4396,4396,0.5,0.5,4396
"16018",23,45,"spillover1","rp",79,"spillover1 rp",7,0,785,785,0.5,0.5,785
"16020",23,35,"spillover1","rp",79,"spillover1 rp",5,0,553,553,0.5,-0.5,553
"16022",23,37,"spillover1","rp",79,"spillover1 rp",7,0,1618,1618,0.5,0.5,1618
"16024",23,29,"spillover1","rp",79,"spillover1 rp",7,0,969,969,0.5,0.5,969
"16026",23,38,"spillover1","rp",79,"spillover1 rp",8,0,1063,1063,-0.5,0.5,1063
"16028",23,32,"spillover1","rp",79,"spillover1 rp",6,0,768,768,-0.5,-0.5,768
"16030",23,30,"spillover1","rp",79,"spillover1 rp",8,0,578,578,-0.5,0.5,578
"16032",23,44,"spillover1","rp",79,"spillover1 rp",6,0,3128,3128,-0.5,-0.5,3128
"16034",23,31,"spillover1","rp",79,"spillover1 rp",5,0,1083,1083,0.5,-0.5,1083
"16036",23,41,"spillover1","rp",79,"spillover1 rp",7,0,1206,1206,0.5,0.5,1206
"16038",23,26,"spillover1","rp",79,"spillover1 rp",8,0,621,621,-0.5,0.5,621
"16040",23,36,"spillover1","rp",79,"spillover1 rp",6,0,431,431,-0.5,-0.5,431
"16042",23,47,"spillover1","rp",79,"spillover1 rp",5,0,1196,1196,0.5,-0.5,1196
"16044",23,40,"spillover1","rp",79,"spillover1 rp",6,0,378,378,-0.5,-0.5,378
"16046",23,39,"spillover1","rp",79,"spillover1 rp",5,0,2430,2430,0.5,-0.5,2430
"16048",23,46,"spillover1","rp",79,"spillover1 rp",8,0,284,284,-0.5,0.5,284
"16050",23,42,"spillover1","rp",79,"spillover1 rp",8,0,510,510,-0.5,0.5,510
"16052",23,25,"spillover1","rp",79,"spillover1 rp",7,0,333,333,0.5,0.5,333
"16054",23,48,"spillover1","rp",79,"spillover1 rp",6,0,1075,1075,-0.5,-0.5,1075
"16056",23,27,"spillover1","rp",79,"spillover1 rp",5,0,518,518,0.5,-0.5,518
"16724",24,34,"spillover1","rp",86,"spillover1 rp",7,0,1042,1042,0.5,0.5,1042
"16725",24,39,"spillover1","rp",86,"spillover1 rp",8,0,1530,1530,-0.5,0.5,1530
"16727",24,46,"spillover1","rp",86,"spillover1 rp",7,0,848,848,0.5,0.5,848
"16729",24,44,"spillover1","rp",86,"spillover1 rp",5,0,1024,1024,0.5,-0.5,1024
"16731",24,30,"spillover1","rp",86,"spillover1 rp",7,0,1006,1006,0.5,0.5,1006
"16733",24,40,"spillover1","rp",86,"spillover1 rp",5,0,1198,1198,0.5,-0.5,1198
"16735",24,37,"spillover1","rp",86,"spillover1 rp",6,0,646,646,-0.5,-0.5,646
"16737",24,31,"spillover1","rp",86,"spillover1 rp",8,0,1214,1214,-0.5,0.5,1214
"16739",24,26,"spillover1","rp",86,"spillover1 rp",7,0,1330,1330,0.5,0.5,1330
"16741",24,42,"spillover1","rp",86,"spillover1 rp",7,0,984,984,0.5,0.5,984
"16743",24,27,"spillover1","rp",86,"spillover1 rp",8,0,614,614,-0.5,0.5,614
"16745",24,35,"spillover1","rp",86,"spillover1 rp",8,0,710,710,-0.5,0.5,710
"16747",24,48,"spillover1","rp",86,"spillover1 rp",5,0,360,360,0.5,-0.5,360
"16749",24,32,"spillover1","rp",86,"spillover1 rp",5,0,1520,1520,0.5,-0.5,1520
"16751",24,36,"spillover1","rp",86,"spillover1 rp",5,0,892,892,0.5,-0.5,892
"16753",24,38,"spillover1","rp",86,"spillover1 rp",7,0,1494,1494,0.5,0.5,1494
"16755",24,45,"spillover1","rp",86,"spillover1 rp",6,0,604,604,-0.5,-0.5,604
"16757",24,33,"spillover1","rp",86,"spillover1 rp",6,0,942,942,-0.5,-0.5,942
"16759",24,28,"spillover1","rp",86,"spillover1 rp",5,0,1530,1530,0.5,-0.5,1530
"16761",24,41,"spillover1","rp",86,"spillover1 rp",6,0,1066,1066,-0.5,-0.5,1066
"16763",24,43,"spillover1","rp",86,"spillover1 rp",8,0,608,608,-0.5,0.5,608
"16765",24,25,"spillover1","rp",86,"spillover1 rp",6,0,588,588,-0.5,-0.5,588
"16767",24,29,"spillover1","rp",86,"spillover1 rp",6,0,732,732,-0.5,-0.5,732
"16769",24,47,"spillover1","rp",86,"spillover1 rp",8,0,908,908,-0.5,0.5,908
"17434",25,29,"spillover1","rp",52,"spillover1 rp",7,0,722,722,0.5,0.5,722
"17436",25,43,"spillover1","rp",52,"spillover1 rp",5,0,892,892,0.5,-0.5,892
"17438",25,34,"spillover1","rp",52,"spillover1 rp",8,0,380,380,-0.5,0.5,380
"17440",25,46,"spillover1","rp",52,"spillover1 rp",8,0,1134,1134,-0.5,0.5,1134
"17442",25,26,"spillover1","rp",52,"spillover1 rp",8,0,616,616,-0.5,0.5,616
"17444",25,37,"spillover1","rp",52,"spillover1 rp",7,0,1380,1380,0.5,0.5,1380
"17446",25,45,"spillover1","rp",52,"spillover1 rp",7,0,902,902,0.5,0.5,902
"17448",25,44,"spillover1","rp",52,"spillover1 rp",6,0,292,292,-0.5,-0.5,292
"17450",25,35,"spillover1","rp",52,"spillover1 rp",5,0,1448,1448,0.5,-0.5,1448
"17452",25,47,"spillover1","rp",52,"spillover1 rp",5,0,1042,1042,0.5,-0.5,1042
"17454",25,27,"spillover1","rp",52,"spillover1 rp",5,0,858,858,0.5,-0.5,858
"17456",25,32,"spillover1","rp",52,"spillover1 rp",6,0,300,300,-0.5,-0.5,300
"17458",25,25,"spillover1","rp",52,"spillover1 rp",7,0,524,524,0.5,0.5,524
"17460",25,31,"spillover1","rp",52,"spillover1 rp",5,0,720,720,0.5,-0.5,720
"17462",25,38,"spillover1","rp",52,"spillover1 rp",8,0,472,472,-0.5,0.5,472
"17464",25,36,"spillover1","rp",52,"spillover1 rp",6,0,366,366,-0.5,-0.5,366
"17466",25,48,"spillover1","rp",52,"spillover1 rp",6,0,568,568,-0.5,-0.5,568
"17468",25,40,"spillover1","rp",52,"spillover1 rp",6,0,402,402,-0.5,-0.5,402
"17470",25,42,"spillover1","rp",52,"spillover1 rp",8,0,238,238,-0.5,0.5,238
"17472",25,28,"spillover1","rp",52,"spillover1 rp",6,0,422,422,-0.5,-0.5,422
"17474",25,33,"spillover1","rp",52,"spillover1 rp",7,0,652,652,0.5,0.5,652
"17476",25,41,"spillover1","rp",52,"spillover1 rp",7,0,660,660,0.5,0.5,660
"17478",25,30,"spillover1","rp",52,"spillover1 rp",8,0,528,528,-0.5,0.5,528
"17480",25,39,"spillover1","rp",52,"spillover1 rp",5,0,620,620,0.5,-0.5,620
"18154",26,42,"spillover1","rp",83,"spillover1 rp",5,0,634,634,0.5,-0.5,634
"18156",26,37,"spillover1","rp",83,"spillover1 rp",8,0,576,576,-0.5,0.5,576
"18158",26,26,"spillover1","rp",83,"spillover1 rp",5,0,816,816,0.5,-0.5,816
"18160",26,33,"spillover1","rp",83,"spillover1 rp",8,0,568,568,-0.5,0.5,568
"18162",26,31,"spillover1","rp",83,"spillover1 rp",6,0,778,778,-0.5,-0.5,778
"18164",26,47,"spillover1","rp",83,"spillover1 rp",6,0,1666,1666,-0.5,-0.5,1666
"18166",26,43,"spillover1","rp",83,"spillover1 rp",6,0,522,522,-0.5,-0.5,522
"18168",26,27,"spillover1","rp",83,"spillover1 rp",6,0,488,488,-0.5,-0.5,488
"18170",26,38,"spillover1","rp",83,"spillover1 rp",5,0,2764,2764,0.5,-0.5,NA
"18172",26,46,"spillover1","rp",83,"spillover1 rp",5,0,716,716,0.5,-0.5,716
"18174",26,34,"spillover1","rp",83,"spillover1 rp",5,0,560,560,0.5,-0.5,560
"18176",26,45,"spillover1","rp",83,"spillover1 rp",8,0,532,532,-0.5,0.5,532
"18178",26,44,"spillover1","rp",83,"spillover1 rp",7,0,1032,1032,0.5,0.5,1032
"18180",26,39,"spillover1","rp",83,"spillover1 rp",6,0,554,554,-0.5,-0.5,554
"18182",26,25,"spillover1","rp",83,"spillover1 rp",8,0,474,474,-0.5,0.5,474
"18184",26,28,"spillover1","rp",83,"spillover1 rp",7,0,776,776,0.5,0.5,776
"18186",26,35,"spillover1","rp",83,"spillover1 rp",6,0,496,496,-0.5,-0.5,496
"18188",26,48,"spillover1","rp",83,"spillover1 rp",7,0,836,836,0.5,0.5,836
"18190",26,41,"spillover1","rp",83,"spillover1 rp",8,0,832,832,-0.5,0.5,832
"18192",26,32,"spillover1","rp",83,"spillover1 rp",7,0,1472,1472,0.5,0.5,1472
"18194",26,40,"spillover1","rp",83,"spillover1 rp",7,0,1398,1398,0.5,0.5,1398
"18196",26,29,"spillover1","rp",83,"spillover1 rp",8,0,478,478,-0.5,0.5,478
"18198",26,30,"spillover1","rp",83,"spillover1 rp",5,0,1194,1194,0.5,-0.5,1194
"18200",26,36,"spillover1","rp",83,"spillover1 rp",7,0,818,818,0.5,0.5,818
"18874",27,46,"spillover1","rp",63,"spillover1 rp",6,0,890,890,-0.5,-0.5,890
"18876",27,42,"spillover1","rp",63,"spillover1 rp",6,0,524,524,-0.5,-0.5,524
"18878",27,36,"spillover1","rp",63,"spillover1 rp",8,0,532,532,-0.5,0.5,532
"18880",27,35,"spillover1","rp",63,"spillover1 rp",7,0,4078,4078,0.5,0.5,4078
"18882",27,39,"spillover1","rp",63,"spillover1 rp",7,0,7524,7524,0.5,0.5,NA
"18884",27,37,"spillover1","rp",63,"spillover1 rp",5,0,876,876,0.5,-0.5,876
"18886",27,45,"spillover1","rp",63,"spillover1 rp",5,0,1240,1240,0.5,-0.5,1240
"18888",27,25,"spillover1","rp",63,"spillover1 rp",5,0,772,772,0.5,-0.5,772
"18890",27,28,"spillover1","rp",63,"spillover1 rp",8,0,624,624,-0.5,0.5,624
"18892",27,30,"spillover1","rp",63,"spillover1 rp",6,0,574,574,-0.5,-0.5,574
"18894",27,31,"spillover1","rp",63,"spillover1 rp",7,0,862,862,0.5,0.5,862
"18896",27,33,"spillover1","rp",63,"spillover1 rp",5,0,962,962,0.5,-0.5,962
"18898",27,27,"spillover1","rp",63,"spillover1 rp",7,0,1196,1196,0.5,0.5,1196
"18900",27,47,"spillover1","rp",63,"spillover1 rp",7,0,4802,4802,0.5,0.5,4802
"18902",27,38,"spillover1","rp",63,"spillover1 rp",6,0,592,592,-0.5,-0.5,592
"18904",27,41,"spillover1","rp",63,"spillover1 rp",5,0,982,982,0.5,-0.5,982
"18906",27,29,"spillover1","rp",63,"spillover1 rp",5,0,2452,2452,0.5,-0.5,2452
"18908",27,48,"spillover1","rp",63,"spillover1 rp",8,0,966,966,-0.5,0.5,966
"18910",27,26,"spillover1","rp",63,"spillover1 rp",6,0,800,800,-0.5,-0.5,800
"18912",27,32,"spillover1","rp",63,"spillover1 rp",8,0,782,782,-0.5,0.5,782
"18914",27,44,"spillover1","rp",63,"spillover1 rp",8,0,146,146,-0.5,0.5,146
"18916",27,43,"spillover1","rp",63,"spillover1 rp",7,0,1182,1182,0.5,0.5,1182
"18918",27,34,"spillover1","rp",63,"spillover1 rp",6,0,696,696,-0.5,-0.5,696
"18920",27,40,"spillover1","rp",63,"spillover1 rp",8,0,896,896,-0.5,0.5,896
"19595",28,27,"spillover1","rp",85,"spillover1 rp",8,0,5290,5290,-0.5,0.5,5290
"19597",28,33,"spillover1","rp",85,"spillover1 rp",6,0,2808,2808,-0.5,-0.5,2808
"19599",28,34,"spillover1","rp",85,"spillover1 rp",7,0,822,822,0.5,0.5,822
"19601",28,32,"spillover1","rp",85,"spillover1 rp",5,0,9314,9314,0.5,-0.5,9314
"19603",28,41,"spillover1","rp",85,"spillover1 rp",6,0,2950,2950,-0.5,-0.5,2950
"19605",28,29,"spillover1","rp",85,"spillover1 rp",6,0,960,960,-0.5,-0.5,960
"19607",28,46,"spillover1","rp",85,"spillover1 rp",7,0,3956,3956,0.5,0.5,3956
"19609",28,47,"spillover1","rp",85,"spillover1 rp",8,0,886,886,-0.5,0.5,886
"19611",28,30,"spillover1","rp",85,"spillover1 rp",7,0,1258,1258,0.5,0.5,1258
"19613",28,37,"spillover1","rp",85,"spillover1 rp",6,0,792,792,-0.5,-0.5,792
"19615",28,36,"spillover1","rp",85,"spillover1 rp",5,0,1106,1106,0.5,-0.5,1106
"19617",28,31,"spillover1","rp",85,"spillover1 rp",8,0,1662,1662,-0.5,0.5,1662
"19619",28,28,"spillover1","rp",85,"spillover1 rp",5,0,1218,1218,0.5,-0.5,1218
"19621",28,42,"spillover1","rp",85,"spillover1 rp",7,0,928,928,0.5,0.5,928
"19623",28,38,"spillover1","rp",85,"spillover1 rp",7,0,1444,1444,0.5,0.5,1444
"19625",28,43,"spillover1","rp",85,"spillover1 rp",8,0,476,476,-0.5,0.5,476
"19627",28,26,"spillover1","rp",85,"spillover1 rp",7,0,4250,4250,0.5,0.5,4250
"19629",28,45,"spillover1","rp",85,"spillover1 rp",6,0,2230,2230,-0.5,-0.5,2230
"19631",28,48,"spillover1","rp",85,"spillover1 rp",5,0,4830,4830,0.5,-0.5,4830
"19633",28,35,"spillover1","rp",85,"spillover1 rp",8,0,736,736,-0.5,0.5,736
"19635",28,25,"spillover1","rp",85,"spillover1 rp",6,0,602,602,-0.5,-0.5,602
"19637",28,39,"spillover1","rp",85,"spillover1 rp",8,0,786,786,-0.5,0.5,786
"19639",28,44,"spillover1","rp",85,"spillover1 rp",5,0,262,262,0.5,-0.5,262
"19641",28,40,"spillover1","rp",85,"spillover1 rp",5,0,606,606,0.5,-0.5,606
"20309",29,42,"spillover1","rp",85,"spillover1 rp",8,0,930,930,-0.5,0.5,930
"20311",29,39,"spillover1","rp",85,"spillover1 rp",5,0,2286,2286,0.5,-0.5,2286
"20313",29,43,"spillover1","rp",85,"spillover1 rp",5,0,1864,1864,0.5,-0.5,1864
"20315",29,46,"spillover1","rp",85,"spillover1 rp",8,0,626,626,-0.5,0.5,626
"20317",29,45,"spillover1","rp",85,"spillover1 rp",7,0,1888,1888,0.5,0.5,1888
"20319",29,29,"spillover1","rp",85,"spillover1 rp",7,0,1542,1542,0.5,0.5,1542
"20321",29,31,"spillover1","rp",85,"spillover1 rp",5,0,930,930,0.5,-0.5,930
"20323",29,38,"spillover1","rp",85,"spillover1 rp",8,0,1316,1316,-0.5,0.5,1316
"20325",29,41,"spillover1","rp",85,"spillover1 rp",7,0,5560,5560,0.5,0.5,5560
"20327",29,28,"spillover1","rp",85,"spillover1 rp",6,0,3486,3486,-0.5,-0.5,3486
"20329",29,26,"spillover1","rp",85,"spillover1 rp",8,0,2310,2310,-0.5,0.5,2310
"20331",29,32,"spillover1","rp",85,"spillover1 rp",6,0,1286,1286,-0.5,-0.5,1286
"20333",29,27,"spillover1","rp",85,"spillover1 rp",5,0,648,648,0.5,-0.5,648
"20335",29,36,"spillover1","rp",85,"spillover1 rp",6,0,464,464,-0.5,-0.5,464
"20337",29,34,"spillover1","rp",85,"spillover1 rp",8,0,552,552,-0.5,0.5,552
"20339",29,35,"spillover1","rp",85,"spillover1 rp",5,0,3232,3232,0.5,-0.5,3232
"20340",29,40,"spillover1","rp",85,"spillover1 rp",6,0,2118,2118,-0.5,-0.5,2118
"20342",29,44,"spillover1","rp",85,"spillover1 rp",6,0,2122,2122,-0.5,-0.5,2122
"20344",29,30,"spillover1","rp",85,"spillover1 rp",8,0,420,420,-0.5,0.5,420
"20346",29,25,"spillover1","rp",85,"spillover1 rp",7,0,834,834,0.5,0.5,834
"20348",29,33,"spillover1","rp",85,"spillover1 rp",7,0,2504,2504,0.5,0.5,2504
"20350",29,37,"spillover1","rp",85,"spillover1 rp",7,0,1530,1530,0.5,0.5,1530
"20352",29,47,"spillover1","rp",85,"spillover1 rp",5,0,3108,3108,0.5,-0.5,3108
"20354",29,48,"spillover1","rp",85,"spillover1 rp",6,0,574,574,-0.5,-0.5,574
"21020",30,36,"spillover1","rp",60,"spillover1 rp",7,0,3608,3608,0.5,0.5,3608
"21022",30,44,"spillover1","rp",60,"spillover1 rp",7,0,7534,7534,0.5,0.5,NA
"21024",30,32,"spillover1","rp",60,"spillover1 rp",7,0,604,604,0.5,0.5,604
"21026",30,25,"spillover1","rp",60,"spillover1 rp",8,0,470,470,-0.5,0.5,470
"21028",30,27,"spillover1","rp",60,"spillover1 rp",6,0,384,384,-0.5,-0.5,384
"21030",30,37,"spillover1","rp",60,"spillover1 rp",8,0,1690,1690,-0.5,0.5,1690
"21032",30,38,"spillover1","rp",60,"spillover1 rp",5,0,1718,1718,0.5,-0.5,1718
"21034",30,47,"spillover1","rp",60,"spillover1 rp",6,0,202,202,-0.5,-0.5,202
"21036",30,33,"spillover1","rp",60,"spillover1 rp",8,0,406,406,-0.5,0.5,406
"21038",30,30,"spillover1","rp",60,"spillover1 rp",5,0,1154,1154,0.5,-0.5,1154
"21040",30,48,"spillover1","rp",60,"spillover1 rp",7,0,1230,1230,0.5,0.5,1230
"21042",30,40,"spillover1","rp",60,"spillover1 rp",7,0,2080,2080,0.5,0.5,2080
"21044",30,46,"spillover1","rp",60,"spillover1 rp",5,0,836,836,0.5,-0.5,836
"21046",30,35,"spillover1","rp",60,"spillover1 rp",6,0,178,178,-0.5,-0.5,178
"21048",30,43,"spillover1","rp",60,"spillover1 rp",6,0,1074,1074,-0.5,-0.5,1074
"21050",30,41,"spillover1","rp",60,"spillover1 rp",8,0,554,554,-0.5,0.5,554
"21052",30,39,"spillover1","rp",60,"spillover1 rp",6,0,1114,1114,-0.5,-0.5,1114
"21054",30,42,"spillover1","rp",60,"spillover1 rp",5,0,338,338,0.5,-0.5,338
"21056",30,31,"spillover1","rp",60,"spillover1 rp",6,0,3284,3284,-0.5,-0.5,3284
"21058",30,26,"spillover1","rp",60,"spillover1 rp",5,0,1848,1848,0.5,-0.5,1848
"21060",30,34,"spillover1","rp",60,"spillover1 rp",5,0,682,682,0.5,-0.5,682
"21062",30,45,"spillover1","rp",60,"spillover1 rp",8,0,564,564,-0.5,0.5,564
"21064",30,29,"spillover1","rp",60,"spillover1 rp",8,0,402,402,-0.5,0.5,402
"21066",30,28,"spillover1","rp",60,"spillover1 rp",7,0,340,340,0.5,0.5,340
"21740",31,34,"spillover1","rp",59,"spillover1 rp",6,0,594,594,-0.5,-0.5,594
"21742",31,41,"spillover1","rp",59,"spillover1 rp",5,0,1076,1076,0.5,-0.5,1076
"21744",31,40,"spillover1","rp",59,"spillover1 rp",8,0,378,378,-0.5,0.5,378
"21746",31,42,"spillover1","rp",59,"spillover1 rp",6,0,364,364,-0.5,-0.5,364
"21748",31,31,"spillover1","rp",59,"spillover1 rp",7,0,1136,1136,0.5,0.5,1136
"21750",31,35,"spillover1","rp",59,"spillover1 rp",7,0,1454,1454,0.5,0.5,1454
"21752",31,38,"spillover1","rp",59,"spillover1 rp",6,0,838,838,-0.5,-0.5,838
"21754",31,29,"spillover1","rp",59,"spillover1 rp",5,0,700,700,0.5,-0.5,700
"21756",31,37,"spillover1","rp",59,"spillover1 rp",5,0,774,774,0.5,-0.5,774
"21758",31,46,"spillover1","rp",59,"spillover1 rp",6,0,384,384,-0.5,-0.5,384
"21760",31,44,"spillover1","rp",59,"spillover1 rp",8,0,872,872,-0.5,0.5,872
"21762",31,28,"spillover1","rp",59,"spillover1 rp",8,0,504,504,-0.5,0.5,504
"21764",31,30,"spillover1","rp",59,"spillover1 rp",6,0,258,258,-0.5,-0.5,258
"21766",31,32,"spillover1","rp",59,"spillover1 rp",8,0,830,830,-0.5,0.5,830
"21768",31,39,"spillover1","rp",59,"spillover1 rp",7,0,864,864,0.5,0.5,864
"21770",31,25,"spillover1","rp",59,"spillover1 rp",5,0,1486,1486,0.5,-0.5,1486
"21772",31,33,"spillover1","rp",59,"spillover1 rp",5,0,1138,1138,0.5,-0.5,1138
"21774",31,47,"spillover1","rp",59,"spillover1 rp",7,0,1276,1276,0.5,0.5,1276
"21776",31,45,"spillover1","rp",59,"spillover1 rp",5,0,734,734,0.5,-0.5,734
"21778",31,48,"spillover1","rp",59,"spillover1 rp",8,0,374,374,-0.5,0.5,374
"21780",31,36,"spillover1","rp",59,"spillover1 rp",8,0,920,920,-0.5,0.5,920
"21782",31,43,"spillover1","rp",59,"spillover1 rp",7,0,934,934,0.5,0.5,934
"21784",31,26,"spillover1","rp",59,"spillover1 rp",6,0,708,708,-0.5,-0.5,708
"21786",31,27,"spillover1","rp",59,"spillover1 rp",7,0,568,568,0.5,0.5,568
"22459",32,44,"spillover1","rp",71,"spillover1 rp",5,0,4820,4820,0.5,-0.5,4820
"22461",32,43,"spillover1","rp",71,"spillover1 rp",8,0,1534,1534,-0.5,0.5,1534
"22463",32,40,"spillover1","rp",71,"spillover1 rp",5,0,9434,9434,0.5,-0.5,9434
"22465",32,42,"spillover1","rp",71,"spillover1 rp",7,0,5130,5130,0.5,0.5,5130
"22467",32,39,"spillover1","rp",71,"spillover1 rp",8,0,2244,2244,-0.5,0.5,2244
"22469",32,46,"spillover1","rp",71,"spillover1 rp",7,0,4422,4422,0.5,0.5,4422
"22471",32,48,"spillover1","rp",71,"spillover1 rp",5,0,2170,2170,0.5,-0.5,2170
"22473",32,32,"spillover1","rp",71,"spillover1 rp",5,0,2746,2746,0.5,-0.5,2746
"22475",32,26,"spillover1","rp",71,"spillover1 rp",7,0,17724,17724,0.5,0.5,NA
"22477",32,45,"spillover1","rp",71,"spillover1 rp",6,0,572,572,-0.5,-0.5,572
"22479",32,25,"spillover1","rp",71,"spillover1 rp",6,0,198,198,-0.5,-0.5,198
"22481",32,30,"spillover1","rp",71,"spillover1 rp",7,0,1644,1644,0.5,0.5,1644
"22483",32,33,"spillover1","rp",71,"spillover1 rp",6,0,1294,1294,-0.5,-0.5,1294
"22485",32,36,"spillover1","rp",71,"spillover1 rp",5,0,1256,1256,0.5,-0.5,1256
"22487",32,35,"spillover1","rp",71,"spillover1 rp",8,0,508,508,-0.5,0.5,508
"22489",32,41,"spillover1","rp",71,"spillover1 rp",6,0,558,558,-0.5,-0.5,558
"22491",32,27,"spillover1","rp",71,"spillover1 rp",8,0,858,858,-0.5,0.5,858
"22493",32,34,"spillover1","rp",71,"spillover1 rp",7,0,766,766,0.5,0.5,766
"22495",32,28,"spillover1","rp",71,"spillover1 rp",5,0,932,932,0.5,-0.5,932
"22497",32,31,"spillover1","rp",71,"spillover1 rp",8,0,1454,1454,-0.5,0.5,1454
"22499",32,29,"spillover1","rp",71,"spillover1 rp",6,0,722,722,-0.5,-0.5,722
"22501",32,47,"spillover1","rp",71,"spillover1 rp",8,0,850,850,-0.5,0.5,850
"22503",32,37,"spillover1","rp",71,"spillover1 rp",6,0,610,610,-0.5,-0.5,610
"22505",32,38,"spillover1","rp",71,"spillover1 rp",7,0,1240,1240,0.5,0.5,1240
"23180",33,33,"spillover1","rp",93,"spillover1 rp",7,0,1338,1338,0.5,0.5,1338
"23182",33,43,"spillover1","rp",93,"spillover1 rp",5,0,2232,2232,0.5,-0.5,2232
"23184",33,31,"spillover1","rp",93,"spillover1 rp",5,0,1084,1084,0.5,-0.5,1084
"23186",33,34,"spillover1","rp",93,"spillover1 rp",8,0,2196,2196,-0.5,0.5,2196
"23188",33,42,"spillover1","rp",93,"spillover1 rp",8,0,3860,3860,-0.5,0.5,3860
"23190",33,25,"spillover1","rp",93,"spillover1 rp",7,0,996,996,0.5,0.5,996
"23192",33,26,"spillover1","rp",93,"spillover1 rp",8,0,1572,1572,-0.5,0.5,1572
"23194",33,35,"spillover1","rp",93,"spillover1 rp",5,0,2026,2026,0.5,-0.5,2026
"23196",33,47,"spillover1","rp",93,"spillover1 rp",5,0,1978,1978,0.5,-0.5,1978
"23198",33,32,"spillover1","rp",93,"spillover1 rp",6,0,4242,4242,-0.5,-0.5,4242
"23200",33,40,"spillover1","rp",93,"spillover1 rp",6,0,3440,3440,-0.5,-0.5,3440
"23202",33,36,"spillover1","rp",93,"spillover1 rp",6,0,4144,4144,-0.5,-0.5,4144
"23204",33,48,"spillover1","rp",93,"spillover1 rp",6,0,640,640,-0.5,-0.5,640
"23206",33,27,"spillover1","rp",93,"spillover1 rp",5,1,0,NA,0.5,-0.5,NA
"23208",33,41,"spillover1","rp",93,"spillover1 rp",7,0,5642,5642,0.5,0.5,5642
"23210",33,37,"spillover1","rp",93,"spillover1 rp",7,0,3168,3168,0.5,0.5,3168
"23212",33,45,"spillover1","rp",93,"spillover1 rp",7,0,1128,1128,0.5,0.5,1128
"23214",33,44,"spillover1","rp",93,"spillover1 rp",6,0,1172,1172,-0.5,-0.5,1172
"23216",33,29,"spillover1","rp",93,"spillover1 rp",7,0,1506,1506,0.5,0.5,1506
"23218",33,28,"spillover1","rp",93,"spillover1 rp",6,0,920,920,-0.5,-0.5,920
"23220",33,30,"spillover1","rp",93,"spillover1 rp",8,0,1466,1466,-0.5,0.5,1466
"23222",33,39,"spillover1","rp",93,"spillover1 rp",5,0,4628,4628,0.5,-0.5,4628
"23224",33,38,"spillover1","rp",93,"spillover1 rp",8,1,0,NA,-0.5,0.5,NA
"23226",33,46,"spillover1","rp",93,"spillover1 rp",8,0,1720,1720,-0.5,0.5,1720
"23899",34,37,"spillover1","rp",57,"spillover1 rp",8,0,449,449,-0.5,0.5,449
"23901",34,32,"spillover1","rp",57,"spillover1 rp",7,0,2583,2583,0.5,0.5,2583
"23903",34,30,"spillover1","rp",57,"spillover1 rp",5,0,333,333,0.5,-0.5,333
"23905",34,27,"spillover1","rp",57,"spillover1 rp",6,0,286,286,-0.5,-0.5,286
"23907",34,34,"spillover1","rp",57,"spillover1 rp",5,0,587,587,0.5,-0.5,587
"23909",34,46,"spillover1","rp",57,"spillover1 rp",5,0,4584,4584,0.5,-0.5,4584
"23911",34,38,"spillover1","rp",57,"spillover1 rp",5,0,1040,1040,0.5,-0.5,1040
"23913",34,39,"spillover1","rp",57,"spillover1 rp",6,0,1597,1597,-0.5,-0.5,1597
"23915",34,45,"spillover1","rp",57,"spillover1 rp",8,0,713,713,-0.5,0.5,713
"23917",34,29,"spillover1","rp",57,"spillover1 rp",8,0,158,158,-0.5,0.5,158
"23919",34,33,"spillover1","rp",57,"spillover1 rp",8,0,368,368,-0.5,0.5,368
"23921",34,48,"spillover1","rp",57,"spillover1 rp",7,0,1837,1837,0.5,0.5,1837
"23923",34,41,"spillover1","rp",57,"spillover1 rp",8,0,353,353,-0.5,0.5,353
"23925",34,40,"spillover1","rp",57,"spillover1 rp",7,0,284,284,0.5,0.5,284
"23927",34,31,"spillover1","rp",57,"spillover1 rp",6,0,1786,1786,-0.5,-0.5,1786
"23929",34,43,"spillover1","rp",57,"spillover1 rp",6,0,221,221,-0.5,-0.5,221
"23931",34,25,"spillover1","rp",57,"spillover1 rp",8,0,310,310,-0.5,0.5,310
"23933",34,36,"spillover1","rp",57,"spillover1 rp",7,0,447,447,0.5,0.5,447
"23935",34,47,"spillover1","rp",57,"spillover1 rp",6,0,347,347,-0.5,-0.5,347
"23937",34,42,"spillover1","rp",57,"spillover1 rp",5,0,574,574,0.5,-0.5,574
"23939",34,44,"spillover1","rp",57,"spillover1 rp",7,0,295,295,0.5,0.5,295
"23941",34,28,"spillover1","rp",57,"spillover1 rp",7,0,1313,1313,0.5,0.5,1313
"23943",34,26,"spillover1","rp",57,"spillover1 rp",5,0,3537,3537,0.5,-0.5,3537
"23945",34,35,"spillover1","rp",57,"spillover1 rp",6,0,1232,1232,-0.5,-0.5,1232
"24619",35,47,"spillover1","rp",60,"spillover1 rp",6,0,696,696,-0.5,-0.5,696
"24621",35,33,"spillover1","rp",60,"spillover1 rp",8,0,1050,1050,-0.5,0.5,1050
"24623",35,43,"spillover1","rp",60,"spillover1 rp",6,0,840,840,-0.5,-0.5,840
"24625",35,32,"spillover1","rp",60,"spillover1 rp",7,0,2990,2990,0.5,0.5,2990
"24627",35,42,"spillover1","rp",60,"spillover1 rp",5,0,1104,1104,0.5,-0.5,1104
"24629",35,26,"spillover1","rp",60,"spillover1 rp",5,0,2972,2972,0.5,-0.5,2972
"24631",35,39,"spillover1","rp",60,"spillover1 rp",6,0,1390,1390,-0.5,-0.5,1390
"24633",35,28,"spillover1","rp",60,"spillover1 rp",7,0,1534,1534,0.5,0.5,1534
"24635",35,36,"spillover1","rp",60,"spillover1 rp",7,0,624,624,0.5,0.5,624
"24637",35,48,"spillover1","rp",60,"spillover1 rp",7,0,3264,3264,0.5,0.5,3264
"24639",35,34,"spillover1","rp",60,"spillover1 rp",5,0,2648,2648,0.5,-0.5,2648
"24641",35,38,"spillover1","rp",60,"spillover1 rp",5,0,6574,6574,0.5,-0.5,6574
"24643",35,46,"spillover1","rp",60,"spillover1 rp",5,0,4598,4598,0.5,-0.5,4598
"24645",35,35,"spillover1","rp",60,"spillover1 rp",6,0,584,584,-0.5,-0.5,584
"24647",35,44,"spillover1","rp",60,"spillover1 rp",7,0,1566,1566,0.5,0.5,1566
"24649",35,40,"spillover1","rp",60,"spillover1 rp",7,0,1814,1814,0.5,0.5,1814
"24651",35,31,"spillover1","rp",60,"spillover1 rp",6,0,6346,6346,-0.5,-0.5,6346
"24653",35,41,"spillover1","rp",60,"spillover1 rp",8,0,1142,1142,-0.5,0.5,1142
"24655",35,27,"spillover1","rp",60,"spillover1 rp",6,0,958,958,-0.5,-0.5,958
"24657",35,37,"spillover1","rp",60,"spillover1 rp",8,0,970,970,-0.5,0.5,970
"24659",35,30,"spillover1","rp",60,"spillover1 rp",5,0,1318,1318,0.5,-0.5,1318
"24661",35,45,"spillover1","rp",60,"spillover1 rp",8,0,658,658,-0.5,0.5,658
"24663",35,29,"spillover1","rp",60,"spillover1 rp",8,0,482,482,-0.5,0.5,482
"24665",35,25,"spillover1","rp",60,"spillover1 rp",8,0,654,654,-0.5,0.5,654
"25340",36,41,"spillover1","rp",65,"spillover1 rp",5,0,852,852,0.5,-0.5,852
"25342",36,43,"spillover1","rp",65,"spillover1 rp",7,0,2270,2270,0.5,0.5,2270
"25344",36,26,"spillover1","rp",65,"spillover1 rp",6,0,3601,3601,-0.5,-0.5,3601
"25346",36,27,"spillover1","rp",65,"spillover1 rp",7,0,579,579,0.5,0.5,579
"25348",36,42,"spillover1","rp",65,"spillover1 rp",6,0,353,353,-0.5,-0.5,353
"25350",36,33,"spillover1","rp",65,"spillover1 rp",5,0,1543,1543,0.5,-0.5,1543
"25352",36,40,"spillover1","rp",65,"spillover1 rp",8,0,3275,3275,-0.5,0.5,3275
"25354",36,47,"spillover1","rp",65,"spillover1 rp",7,0,1140,1140,0.5,0.5,1140
"25356",36,35,"spillover1","rp",65,"spillover1 rp",7,0,1970,1970,0.5,0.5,1970
"25358",36,46,"spillover1","rp",65,"spillover1 rp",6,0,5370,5370,-0.5,-0.5,5370
"25360",36,28,"spillover1","rp",65,"spillover1 rp",8,0,656,656,-0.5,0.5,656
"25362",36,34,"spillover1","rp",65,"spillover1 rp",6,0,297,297,-0.5,-0.5,297
"25364",36,36,"spillover1","rp",65,"spillover1 rp",8,0,823,823,-0.5,0.5,823
"25366",36,38,"spillover1","rp",65,"spillover1 rp",6,0,455,455,-0.5,-0.5,455
"25368",36,25,"spillover1","rp",65,"spillover1 rp",5,0,343,343,0.5,-0.5,343
"25370",36,37,"spillover1","rp",65,"spillover1 rp",5,0,580,580,0.5,-0.5,580
"25372",36,31,"spillover1","rp",65,"spillover1 rp",7,0,2757,2757,0.5,0.5,2757
"25374",36,45,"spillover1","rp",65,"spillover1 rp",5,0,2285,2285,0.5,-0.5,2285
"25376",36,30,"spillover1","rp",65,"spillover1 rp",6,0,616,616,-0.5,-0.5,616
"25378",36,32,"spillover1","rp",65,"spillover1 rp",8,0,780,780,-0.5,0.5,780
"25380",36,44,"spillover1","rp",65,"spillover1 rp",8,0,468,468,-0.5,0.5,468
"25382",36,48,"spillover1","rp",65,"spillover1 rp",8,0,345,345,-0.5,0.5,345
"25384",36,39,"spillover1","rp",65,"spillover1 rp",7,0,1240,1240,0.5,0.5,1240
"25386",36,29,"spillover1","rp",65,"spillover1 rp",5,0,690,690,0.5,-0.5,690
"26059",37,42,"spillover1","rp",64,"spillover1 rp",7,0,5163,5163,0.5,0.5,5163
"26061",37,36,"spillover1","rp",64,"spillover1 rp",5,0,1431,1431,0.5,-0.5,1431
"26063",37,32,"spillover1","rp",64,"spillover1 rp",5,0,10950,10950,0.5,-0.5,10950
"26065",37,48,"spillover1","rp",64,"spillover1 rp",5,0,5876,5876,0.5,-0.5,5876
"26067",37,25,"spillover1","rp",64,"spillover1 rp",6,0,333,333,-0.5,-0.5,333
"26069",37,30,"spillover1","rp",64,"spillover1 rp",7,0,3058,3058,0.5,0.5,3058
"26071",37,39,"spillover1","rp",64,"spillover1 rp",8,0,884,884,-0.5,0.5,884
"26073",37,35,"spillover1","rp",64,"spillover1 rp",8,0,1636,1636,-0.5,0.5,1636
"26075",37,28,"spillover1","rp",64,"spillover1 rp",5,0,1568,1568,0.5,-0.5,1568
"26077",37,34,"spillover1","rp",64,"spillover1 rp",7,0,802,802,0.5,0.5,802
"26079",37,38,"spillover1","rp",64,"spillover1 rp",7,0,934,934,0.5,0.5,934
"26081",37,26,"spillover1","rp",64,"spillover1 rp",7,0,1821,1821,0.5,0.5,1821
"26083",37,40,"spillover1","rp",64,"spillover1 rp",5,0,1817,1817,0.5,-0.5,1817
"26085",37,47,"spillover1","rp",64,"spillover1 rp",8,0,713,713,-0.5,0.5,713
"26087",37,44,"spillover1","rp",64,"spillover1 rp",5,0,1336,1336,0.5,-0.5,1336
"26089",37,43,"spillover1","rp",64,"spillover1 rp",8,0,834,834,-0.5,0.5,834
"26091",37,33,"spillover1","rp",64,"spillover1 rp",6,0,873,873,-0.5,-0.5,873
"26093",37,29,"spillover1","rp",64,"spillover1 rp",6,0,767,767,-0.5,-0.5,767
"26095",37,46,"spillover1","rp",64,"spillover1 rp",7,0,725,725,0.5,0.5,725
"26097",37,41,"spillover1","rp",64,"spillover1 rp",6,0,541,541,-0.5,-0.5,541
"26099",37,37,"spillover1","rp",64,"spillover1 rp",6,0,1069,1069,-0.5,-0.5,1069
"26101",37,31,"spillover1","rp",64,"spillover1 rp",8,0,6972,6972,-0.5,0.5,6972
"26103",37,27,"spillover1","rp",64,"spillover1 rp",8,0,3782,3782,-0.5,0.5,3782
"26105",37,45,"spillover1","rp",64,"spillover1 rp",6,0,702,702,-0.5,-0.5,702
"26779",38,34,"spillover1","rp",80,"spillover1 rp",8,0,533,533,-0.5,0.5,533
"26781",38,28,"spillover1","rp",80,"spillover1 rp",6,0,5698,5698,-0.5,-0.5,5698
"26783",38,43,"spillover1","rp",80,"spillover1 rp",5,0,1082,1082,0.5,-0.5,1082
"26785",38,38,"spillover1","rp",80,"spillover1 rp",8,0,473,473,-0.5,0.5,473
"26787",38,30,"spillover1","rp",80,"spillover1 rp",8,0,183,183,-0.5,0.5,183
"26789",38,47,"spillover1","rp",80,"spillover1 rp",5,0,3595,3595,0.5,-0.5,3595
"26791",38,39,"spillover1","rp",80,"spillover1 rp",5,0,10024,10024,0.5,-0.5,10024
"26793",38,45,"spillover1","rp",80,"spillover1 rp",7,0,484,484,0.5,0.5,484
"26795",38,32,"spillover1","rp",80,"spillover1 rp",6,0,8878,8878,-0.5,-0.5,8878
"26797",38,29,"spillover1","rp",80,"spillover1 rp",7,0,514,514,0.5,0.5,514
"26799",38,35,"spillover1","rp",80,"spillover1 rp",5,0,2504,2504,0.5,-0.5,2504
"26801",38,41,"spillover1","rp",80,"spillover1 rp",7,0,5941,5941,0.5,0.5,5941
"26803",38,25,"spillover1","rp",80,"spillover1 rp",7,0,552,552,0.5,0.5,552
"26805",38,31,"spillover1","rp",80,"spillover1 rp",5,0,3170,3170,0.5,-0.5,3170
"26807",38,48,"spillover1","rp",80,"spillover1 rp",6,0,1967,1967,-0.5,-0.5,1967
"26809",38,44,"spillover1","rp",80,"spillover1 rp",6,0,757,757,-0.5,-0.5,757
"26811",38,37,"spillover1","rp",80,"spillover1 rp",7,0,1124,1124,0.5,0.5,1124
"26813",38,36,"spillover1","rp",80,"spillover1 rp",6,0,335,335,-0.5,-0.5,335
"26815",38,42,"spillover1","rp",80,"spillover1 rp",8,0,400,400,-0.5,0.5,400
"26817",38,26,"spillover1","rp",80,"spillover1 rp",8,0,8665,8665,-0.5,0.5,8665
"26819",38,40,"spillover1","rp",80,"spillover1 rp",6,0,559,559,-0.5,-0.5,559
"26821",38,46,"spillover1","rp",80,"spillover1 rp",8,0,3468,3468,-0.5,0.5,3468
"26823",38,33,"spillover1","rp",80,"spillover1 rp",7,0,492,492,0.5,0.5,492
"26825",38,27,"spillover1","rp",80,"spillover1 rp",5,0,6860,6860,0.5,-0.5,6860
"27500",39,41,"spillover1","rp",83,"spillover1 rp",8,0,2983,2983,-0.5,0.5,2983
"27502",39,33,"spillover1","rp",83,"spillover1 rp",8,0,876,876,-0.5,0.5,876
"27504",39,25,"spillover1","rp",83,"spillover1 rp",8,0,1585,1585,-0.5,0.5,1585
"27506",39,37,"spillover1","rp",83,"spillover1 rp",8,0,1470,1470,-0.5,0.5,1470
"27508",39,27,"spillover1","rp",83,"spillover1 rp",6,0,852,852,-0.5,-0.5,852
"27510",39,31,"spillover1","rp",83,"spillover1 rp",6,0,4020,4020,-0.5,-0.5,4020
"27512",39,30,"spillover1","rp",83,"spillover1 rp",5,0,1596,1596,0.5,-0.5,1596
"27514",39,42,"spillover1","rp",83,"spillover1 rp",5,0,2129,2129,0.5,-0.5,2129
"27516",39,40,"spillover1","rp",83,"spillover1 rp",7,0,2061,2061,0.5,0.5,2061
"27518",39,39,"spillover1","rp",83,"spillover1 rp",6,0,2414,2414,-0.5,-0.5,2414
"27520",39,26,"spillover1","rp",83,"spillover1 rp",5,0,2011,2011,0.5,-0.5,2011
"27522",39,43,"spillover1","rp",83,"spillover1 rp",6,0,964,964,-0.5,-0.5,964
"27524",39,48,"spillover1","rp",83,"spillover1 rp",7,0,938,938,0.5,0.5,938
"27526",39,44,"spillover1","rp",83,"spillover1 rp",7,0,411,411,0.5,0.5,411
"27528",39,45,"spillover1","rp",83,"spillover1 rp",8,0,730,730,-0.5,0.5,730
"27530",39,46,"spillover1","rp",83,"spillover1 rp",5,0,1139,1139,0.5,-0.5,1139
"27532",39,29,"spillover1","rp",83,"spillover1 rp",8,0,492,492,-0.5,0.5,492
"27534",39,36,"spillover1","rp",83,"spillover1 rp",7,0,480,480,0.5,0.5,480
"27536",39,34,"spillover1","rp",83,"spillover1 rp",5,0,991,991,0.5,-0.5,991
"27538",39,28,"spillover1","rp",83,"spillover1 rp",7,0,2024,2024,0.5,0.5,2024
"27540",39,35,"spillover1","rp",83,"spillover1 rp",6,0,726,726,-0.5,-0.5,726
"27542",39,38,"spillover1","rp",83,"spillover1 rp",5,0,2212,2212,0.5,-0.5,2212
"27544",39,32,"spillover1","rp",83,"spillover1 rp",7,0,3856,3856,0.5,0.5,3856
"27546",39,47,"spillover1","rp",83,"spillover1 rp",6,0,1181,1181,-0.5,-0.5,1181
"28219",40,41,"spillover1","rp",75,"spillover1 rp",5,0,1226,1226,0.5,-0.5,1226
"28221",40,42,"spillover1","rp",75,"spillover1 rp",6,0,1231,1231,-0.5,-0.5,1231
"28223",40,34,"spillover1","rp",75,"spillover1 rp",6,0,629,629,-0.5,-0.5,629
"28225",40,43,"spillover1","rp",75,"spillover1 rp",7,0,2750,2750,0.5,0.5,2750
"28227",40,30,"spillover1","rp",75,"spillover1 rp",6,0,2011,2011,-0.5,-0.5,2011
"28229",40,29,"spillover1","rp",75,"spillover1 rp",5,0,599,599,0.5,-0.5,599
"28231",40,37,"spillover1","rp",75,"spillover1 rp",5,0,8075,8075,0.5,-0.5,8075
"28233",40,28,"spillover1","rp",75,"spillover1 rp",8,0,846,846,-0.5,0.5,846
"28235",40,32,"spillover1","rp",75,"spillover1 rp",8,0,7689,7689,-0.5,0.5,7689
"28237",40,40,"spillover1","rp",75,"spillover1 rp",8,0,809,809,-0.5,0.5,809
"28239",40,27,"spillover1","rp",75,"spillover1 rp",7,0,344,344,0.5,0.5,344
"28241",40,35,"spillover1","rp",75,"spillover1 rp",7,0,857,857,0.5,0.5,857
"28243",40,31,"spillover1","rp",75,"spillover1 rp",7,0,446,446,0.5,0.5,446
"28245",40,33,"spillover1","rp",75,"spillover1 rp",5,0,751,751,0.5,-0.5,751
"28247",40,46,"spillover1","rp",75,"spillover1 rp",6,0,355,355,-0.5,-0.5,355
"28249",40,47,"spillover1","rp",75,"spillover1 rp",7,0,876,876,0.5,0.5,876
"28251",40,38,"spillover1","rp",75,"spillover1 rp",6,0,561,561,-0.5,-0.5,561
"28253",40,39,"spillover1","rp",75,"spillover1 rp",7,0,797,797,0.5,0.5,797
"28255",40,25,"spillover1","rp",75,"spillover1 rp",5,0,1510,1510,0.5,-0.5,1510
"28257",40,48,"spillover1","rp",75,"spillover1 rp",8,0,1999,1999,-0.5,0.5,1999
"28259",40,45,"spillover1","rp",75,"spillover1 rp",5,0,381,381,0.5,-0.5,381
"28261",40,26,"spillover1","rp",75,"spillover1 rp",6,0,1788,1788,-0.5,-0.5,1788
"28263",40,36,"spillover1","rp",75,"spillover1 rp",8,0,692,692,-0.5,0.5,692
"28265",40,44,"spillover1","rp",75,"spillover1 rp",8,0,410,410,-0.5,0.5,410
